LONGITUDE,LATITUDE,YEAR,MONTH,DAY,MAGNITUDE,DEPTH,HOUR,MINUTE
94.4715,22.7996,2023,7,24,4.4,96.712,20,14
94.971,25.1395,2023,7,21,4,87.809,20,5
91.3553,25.721,2023,7,16,4.3,10,14,23
95.4345,25.0831,2023,7,12,4.3,9.904,12,26
94.0927,23.1582,2023,7,11,4.3,77.822,14,6
93.9241,23.5846,2023,7,5,4.3,69.187,19,5
96.3583,26.5274,2023,7,4,4.6,89.642,7,25
96.6035,26.9851,2023,6,30,4.4,10,5,44
92.0224,24.7339,2023,6,16,5,10,4,46
95.2775,26.1093,2023,6,12,4.3,77.469,21,23
96.2529,25.2464,2023,6,3,4.1,10,11,36
95.1588,26.0736,2023,6,1,4.2,31.912,3,30
96.2315,25.1051,2023,5,31,5.9,10,11,20
92.4485,26.7587,2023,5,29,4.9,10,2,33
92.6797,27.0688,2023,5,27,4.5,10,21,36
94.7301,24.8062,2023,5,21,4.1,83.027,13,47
90.3099,23.6937,2023,5,4,4.3,10,23,57
94.3511,23.0061,2023,4,30,4.6,94.415,6,56
94.8376,22.9943,2023,4,10,4.6,141.241,0,46
96.2774,25.2055,2023,4,8,4.2,10,11,52
90.446,25.8896,2023,4,3,4.4,10,8,22
95.3355,22.6542,2023,3,25,4.2,11.095,12,3
93.794,24.1675,2023,3,24,4.4,78.995,3,22
94.7151,24.276,2023,3,12,4.6,113.11,11,43
90.4081,25.6554,2023,2,26,4.3,10,4,19
91.8394,25.1917,2023,2,16,4.3,57.099,3,56
94.5227,23.0353,2023,2,12,4.3,104.754,23,1
92.9259,26.3749,2023,2,12,4.2,10,10,48
95.9238,22.7357,2023,2,4,4.2,10,7,34
94.459,24.5866,2023,1,31,4.6,69.006,4,49
90.4362,25.7328,2023,1,26,4,36.679,1,59
93.079,24.8836,2023,1,23,5.1,10,13,42
92.4156,23.5913,2023,1,16,4.1,10,20,20
96.5576,26.705,2023,1,10,4.6,10,1,42
95.8673,24.1249,2023,1,5,4.5,10.751,5,51
94.14,23.2161,2022,12,28,4.5,51.119,4,18
96.154,24.5341,2022,12,20,4.3,10.157,21,21
93.7959,22.5559,2022,12,18,4.2,39.483,7,20
94.7294,24.2087,2022,12,17,4.2,98.089,16,5
95.0837,24.8414,2022,12,15,4.4,101.752,17,12
95.3931,26.0254,2022,12,9,4.5,99.202,15,40
94.1073,23.0257,2022,11,11,4.2,42.858,1,32
94.5122,23.0649,2022,11,8,4.7,105.393,6,27
96.5205,26.6099,2022,10,31,4.6,10,0,45
92.205,25.1215,2022,10,30,4.2,10,14,45
94.4944,23.7023,2022,10,29,4.4,96.454,5,38
94.6086,24.1894,2022,10,21,4.5,89.761,16,0
95.9272,22.8755,2022,10,16,4.6,10,0,52
94.9256,24.7823,2022,9,30,4.6,10,2,23
94.8968,23.1002,2022,9,29,5.6,150,22,22
96.6018,26.368,2022,9,17,4.3,122.703,23,33
96.133,26.6232,2022,9,13,4.4,10,21,35
93.8588,23.4002,2022,9,6,4.2,60.682,19,20
95.2338,25.0099,2022,8,26,4.6,91.384,4,52
94.5482,23.7516,2022,8,24,5,96.15,21,48
93.2709,23.5693,2022,7,26,4.6,42.7,15,13
94.5663,23.559,2022,7,19,4.3,110.324,21,38
94.4481,24.1883,2022,7,16,4.5,76.459,18,12
95.3111,23.0067,2022,7,15,4.4,10.197,23,48
94.5018,23.2297,2022,6,29,4.6,95.51,18,1
94.531,22.9945,2022,6,13,4.3,100.41,15,44
95.957,23.2613,2022,6,2,4.2,10,22,40
95.6051,26.3635,2022,5,31,4.3,95.69,4,39
94.0827,22.7741,2022,5,23,4.4,13.98,3,56
93.4891,22.8336,2022,5,21,4.5,47.2,3,14
96.3401,25.0186,2022,5,20,4.3,10,18,39
92.3725,26.3342,2022,5,15,4.1,10,16,17
96.717,25.6457,2022,5,13,4.3,10,12,26
94.2561,22.6784,2022,5,1,5,90.81,15,15
94.7118,23.3586,2022,4,18,4.1,111.13,2,57
95.9133,25.9974,2022,4,17,4.3,79.64,22,31
94.8228,25.3875,2022,4,16,4.1,74.41,23,51
94.1874,23.1411,2022,3,31,4,47.16,1,18
94.4865,24.1944,2022,3,21,4.5,82.38,6,36
93.6502,24.8691,2022,3,18,4.4,40.97,5,40
93.9006,23.2811,2022,3,15,4.1,10,0,25
94.5412,22.7307,2022,3,13,4.5,101.22,1,11
93.3976,22.6801,2022,2,21,4.6,48.71,15,23
96.4951,26.0883,2022,2,11,4.8,10,19,16
96.1665,25.0405,2022,1,23,4.4,10,15,52
94.2434,23.1302,2022,1,22,4.1,76.07,17,22
93.8172,23.0871,2022,1,21,5.4,58.96,10,12
93.5196,24.0361,2022,1,18,4.5,60.79,2,22
93.8695,25.2468,2022,1,16,4.6,10,21,9
94.5597,23.8937,2022,1,16,4.2,73.01,10,50
94.6403,24.3313,2022,1,14,4.2,89.01,8,29
95.0765,25.0326,2022,1,13,4.1,94.89,19,3
94.1077,25.22,2022,1,12,4.5,13.28,20,46
94.6845,23.1568,2022,1,12,4.6,98.81,6,17
94.1653,22.9337,2021,12,27,4.7,40.41,20,13
93.8775,23.1346,2021,12,16,4.5,65.95,20,13
94.7467,23.6643,2021,12,12,4.5,119.01,12,8
95.4612,25.5067,2021,12,10,4.2,65.73,4,14
96.1089,23.4414,2021,12,6,5,10,0,25
93.4533,22.8125,2021,11,29,4.4,55.11,13,24
94.5821,24.2296,2021,11,28,4.4,71.92,17,21
96.5311,27.0354,2021,11,28,4.4,10,17,2
94.0667,23.5533,2021,11,28,4.3,69.24,2,18
96.3025,27.0398,2021,11,28,4.6,10,1,32
93.4368,22.8532,2021,11,27,4.4,58.3,9,47
93.5061,22.8232,2021,11,25,6.2,43,23,45
95.1196,24.637,2021,11,20,4.6,128.95,11,12
91.4838,25.9374,2021,11,20,4.2,10,7,42
96.6407,25.4248,2021,11,12,4.3,19.56,17,48
94.9456,25.3783,2021,11,9,4.2,76.61,4,17
95.1714,24.7068,2021,11,8,4.5,120.86,2,18
94.7771,24.1594,2021,11,6,4.3,108.83,13,9
92.5824,26.7969,2021,11,4,4.4,10,4,49
92.7906,22.5257,2021,10,19,4.8,35,0,44
93.8462,24.3171,2021,10,16,4,45.78,1,46
96.3949,24.9285,2021,10,2,4.2,10,22,1
95.3035,25.4614,2021,10,1,4.4,102.96,4,57
93.8375,23.2858,2021,9,26,4.2,10,11,26
93.4982,23.4064,2021,9,26,4.2,9.31,6,28
94.8803,25.2256,2021,9,19,5,80.05,19,24
94.5361,23.6577,2021,9,16,4.4,93.27,4,49
93.4042,23.4599,2021,9,15,4.6,10,13,29
94.8405,23.5962,2021,9,14,4.3,108.35,10,40
96.5587,26.5115,2021,9,4,4.5,97.98,12,5
96.2561,25.094,2021,8,24,4.6,10,2,15
94.4519,24.6509,2021,8,17,4.9,63.33,15,32
94.2094,22.5189,2021,8,6,4.4,39.54,18,49
94.1338,23.2137,2021,8,6,4.4,101.68,12,47
94.9275,25.0993,2021,8,4,4.4,99.59,22,10
95.9967,22.8638,2021,7,29,5.5,10,8,39
94.4421,24.5824,2021,7,26,4.9,66.82,5,3
94.7567,23.5272,2021,7,14,4.5,102.41,20,34
90.3995,25.9749,2021,7,9,4.3,10,7,46
95.2274,25.0311,2021,7,9,4.6,102.19,0,26
90.3499,25.9603,2021,7,7,5.3,10,3,15
96.5397,26.608,2021,7,4,4.6,10,16,57
92.4583,26.7357,2021,6,18,4.5,42.09,19,37
92.3948,26.6776,2021,6,17,4.5,43.65,20,34
94.6949,23.2381,2021,5,31,4.4,111.49,19,49
92.3186,26.7632,2021,5,31,4.2,34.13,4,20
92.326,26.6343,2021,5,30,4.4,52.85,8,53
94.7171,22.5949,2021,5,28,4.5,113.94,16,51
94.5857,23.593,2021,5,25,4.1,99.63,19,23
94.5814,22.9496,2021,5,23,4.3,95.83,15,41
95.0955,24.7351,2021,5,23,4.4,103.92,1,26
92.4258,26.6713,2021,5,18,4.4,49.81,12,3
92.4736,26.753,2021,5,15,4.4,43.8,3,3
95.5047,26.418,2021,5,14,4.2,85.91,23,39
95.1088,24.9625,2021,5,14,4.5,111.38,16,42
92.4738,26.774,2021,5,9,3.8,10,18,41
92.4813,26.5945,2021,5,6,4.2,48.29,5,0
92.0993,26.7384,2021,5,5,4,47,13,52
94.513,24.2389,2021,4,30,4.3,95.31,13,40
92.4849,26.7477,2021,4,28,4.8,38.21,19,50
92.5133,26.7662,2021,4,28,4.2,35,10,33
92.5371,26.8262,2021,4,28,4.4,35,2,43
92.5136,26.7489,2021,4,28,5,35,2,33
92.4565,26.7813,2021,4,28,6,34,2,21
92.5148,26.6195,2021,3,21,4.2,10,12,22
94.565,22.6746,2021,3,11,4.5,103.62,2,34
95.0793,25.3809,2021,3,9,4.6,89.49,11,15
96.0167,22.8779,2021,2,25,4.5,10,7,50
95.8415,22.7,2021,2,25,4.2,20.12,3,46
95.9211,22.8585,2021,2,25,4.9,10,2,34
94.5689,23.3318,2021,2,20,4.1,95.45,0,1
92.5712,26.7322,2021,2,17,4.6,18.67,12,24
94.4802,22.9602,2021,2,11,4.4,102.99,8,4
89.5665,27.0534,2021,2,10,3.7,10,14,43
94.4749,24.9512,2021,1,31,4.1,47.39,20,4
95.7822,26.293,2021,1,27,4.2,80.92,18,56
95.0289,24.326,2021,1,22,4.3,117.91,21,14
96.3433,26.0588,2021,1,17,4.3,10,6,59
93.5159,23.6359,2021,1,16,4.3,61.32,20,48
93.3739,24.8799,2021,1,13,4.2,10,19,15
94.6878,22.7983,2021,1,13,4.1,108.51,1,7
96.6657,25.4629,2020,12,24,4.4,10,15,13
96.657,25.6158,2020,12,24,4.3,10,12,47
96.6534,25.6397,2020,12,24,4.8,10,8,9
94.2086,23.0317,2020,12,12,4.2,76.92,4,14
90.5453,26.1291,2020,12,10,4.3,10,16,56
94.7728,26.2945,2020,11,22,4.3,60.63,3,29
94.9967,24.9595,2020,11,21,4.5,10,4,49
94.6188,23.6092,2020,11,14,5,103.66,8,50
94.4538,22.7939,2020,11,10,4.5,104.48,4,45
94.1977,24.2021,2020,11,8,4.3,65.34,9,32
96.4551,25.1948,2020,11,6,4.3,10,3,6
91.1728,25.7773,2020,11,2,4.5,10,19,43
92.2965,23.1224,2020,10,24,4.4,44.64,3,21
96.1444,27.2257,2020,10,20,4,57.98,19,55
94.1126,23.1644,2020,10,13,4.5,71.72,1,36
93.4997,24.6661,2020,10,10,5.5,53,17,38
94.7776,25.643,2020,10,6,4.6,61.51,22,2
94.4335,23.5477,2020,10,5,4.1,74.11,12,8
91.3108,26.2024,2020,10,3,4.2,44.3,15,36
91.3167,26.2803,2020,9,21,4.4,39.62,19,58
93.7677,22.9861,2020,9,20,5.1,53.56,1,59
94.5477,23.3836,2020,9,18,4.4,90.39,17,53
94.8835,23.9905,2020,9,10,4.3,127.25,16,54
95.2425,24.8788,2020,8,31,4.9,123.46,21,9
92.0138,23.41,2020,8,30,4.9,37.66,1,47
93.2324,23.0656,2020,8,27,4.5,10,13,17
93.3258,23.1636,2020,8,27,5.3,10,12,7
95.5832,26.0998,2020,8,23,4.6,86.9,13,18
94.5465,22.5997,2020,8,22,4.2,102.78,22,56
93.2923,23.1226,2020,8,14,4.2,10,1,8
93.9507,24.2129,2020,8,11,4.3,59.16,13,57
94.8553,24.5305,2020,8,7,4.3,103.06,17,36
93.3418,23.2575,2020,7,28,4.8,10,14,38
93.3699,23.069,2020,7,24,4.1,10,5,45
92.3782,24.6057,2020,7,17,4.3,39.89,22,55
93.3092,23.1162,2020,7,17,5.1,10,16,33
93.3785,23.1172,2020,7,17,4.4,10,10,26
92.3957,24.6068,2020,7,16,4.4,39.62,2,27
94.8877,24.606,2020,7,16,4.4,30.68,1,21
94.3314,23.3677,2020,7,14,4.2,85.31,9,27
93.3665,23.0831,2020,7,9,4.6,10,8,58
93.2967,23.1732,2020,7,5,4.8,10,11,56
93.3716,23.2815,2020,7,3,4.6,10,9,5
94.5933,24.6766,2020,6,28,4.4,57.96,5,54
93.2827,23.1939,2020,6,24,4.8,4.24,19,44
93.2628,23.206,2020,6,24,4.5,4.58,2,32
93.0128,23.9312,2020,6,23,3.6,10,13,47
93.2856,23.1449,2020,6,21,5.6,10.84,22,40
93.1135,23.9075,2020,6,21,4.9,41.6,10,46
93.7812,23.2948,2020,6,14,4.8,62.31,5,35
94.6,22.7767,2020,6,8,4.2,100.69,12,21
91.1391,24.8316,2020,6,3,4.2,30.48,1,40
93.9197,24.3856,2020,5,25,5.1,57.89,14,42
94.1112,24.8084,2020,5,11,4.6,63.54,22,39
95.8305,24.0324,2020,4,24,4.6,10,5,15
94.0722,22.7356,2020,4,16,4.5,10,11,53
94.0292,22.8004,2020,4,16,5.9,10,11,45
92.7724,26.4085,2020,4,5,4.5,46.31,17,50
96.351,25.1038,2020,3,23,4.4,10,12,21
95.0671,25.0857,2020,3,23,4.5,101.49,8,8
96.1055,23.2305,2020,3,7,4.5,10,4,5
96.1023,24.4202,2020,3,4,4.8,10,0,20
92.1052,26.4904,2020,2,29,4.2,45.39,20,5
90.1767,24.5467,2020,2,25,4,10,6,16
93.5958,22.5718,2020,2,15,4.2,47.14,8,12
94.8537,23.05,2020,2,9,4.2,134.31,19,37
90.7847,26.3386,2020,2,8,5,10,12,47
94.9928,24.4383,2020,1,29,4.3,115.32,13,43
91.7364,24.7732,2020,1,27,4.5,10,7,10
94.5148,23.6781,2020,1,14,4.3,94.42,1,24
96.0256,23.661,2019,12,25,4.6,10,7,4
94.0597,23.6551,2019,12,22,3.8,10,14,59
93.875,24.0847,2019,12,16,4.4,55.37,3,10
95.0882,24.9171,2019,12,15,4.4,110.85,3,53
93.6727,23.0905,2019,12,2,4.6,53.48,1,12
96.0354,23.1791,2019,11,28,5.2,10,14,39
94.3136,24.155,2019,11,26,4.5,70.19,3,53
96.3511,24.9318,2019,11,23,4.1,10,22,43
91.1372,26.145,2019,11,21,4.3,48.16,14,11
93.3051,26.1728,2019,11,13,4.7,51.25,13,10
93.3104,22.5731,2019,10,19,4.3,45.24,13,35
94.2177,23.1641,2019,10,18,4.9,76.27,16,48
94.2211,23.1646,2019,10,16,4.4,79.56,18,45
91.3145,27.293,2019,10,7,4.7,10,12,35
94.1024,24.8695,2019,10,3,4.8,59.2,6,24
93.6361,24.2307,2019,9,22,4.4,63.66,2,31
95.0419,25.0899,2019,9,3,4.5,88.22,19,18
95.522,22.7414,2019,8,31,5.4,10,15,9
96.1069,26.4642,2019,8,26,4.7,105.63,2,49
93.858,24.0196,2019,8,18,5,63.38,6,28
96.6433,25.6762,2019,8,5,4.7,10,9,43
94.315,24.7977,2019,8,4,4,48.6,0,10
94.6517,23.627,2019,8,2,4.6,93.37,14,37
95.1097,24.8601,2019,7,24,4,120.67,10,31
94.6999,24.9048,2019,7,13,4.3,71.28,15,8
94.9219,24.9278,2019,7,3,4.5,112.02,5,57
95.8922,25.812,2019,6,21,4.2,132.99,16,42
94.8689,25.0414,2019,6,4,4.6,65.32,13,27
94.7518,23.9515,2019,5,29,4.5,95.69,1,54
95.2138,25.0456,2019,5,22,4.4,95.78,12,55
95.7216,26.2288,2019,5,4,5.2,85.93,11,4
94.8184,23.0333,2019,4,29,4.7,133.05,17,39
95.6844,23.8569,2019,4,27,4.4,10,16,47
93.0258,26.4403,2019,4,27,4.6,43.81,6,27
95.1868,23.5884,2019,4,25,4.5,35.38,23,37
93.4162,22.7481,2019,4,15,4.6,56.21,1,39
94.4235,25.4467,2019,4,4,5.1,61.78,7,45
95.5572,25.3484,2019,3,31,4.1,125.53,6,42
93.5079,24.3186,2019,3,25,4.6,56.65,12,41
90.9083,25.6452,2019,3,21,4.4,10,14,30
93.9612,22.8271,2019,3,20,4.3,37.59,23,37
94.6842,24.0646,2019,3,16,4,96.09,19,23
93.9436,23.0149,2019,3,13,4.5,79.79,13,44
90.2941,24.0741,2019,2,26,3.7,10,4,49
95.6268,25.5862,2019,2,15,4.1,48.48,22,11
96.3645,27.3345,2019,2,10,5,10,3,22
94.3292,23.8991,2019,2,6,4.4,33.81,16,21
93.8824,24.5236,2019,2,3,4.5,66.28,17,20
95.2123,25.2277,2019,2,2,4.1,101.16,17,32
94.4999,23.9792,2019,1,30,4,82.03,23,12
94.0239,24.4032,2019,1,27,4.7,65.34,23,45
94.3026,24.8046,2019,1,27,4.7,67.97,4,49
93.8919,24.3098,2019,1,25,4.6,55.87,17,7
94.8664,24.0031,2019,1,25,4.5,47.2,14,29
96.3344,24.8046,2019,1,16,4.7,10,21,39
94.5614,23.3862,2018,12,27,5,90.96,0,35
96.6002,26.4496,2018,12,23,4.7,115.7,20,32
96.382,27.4151,2018,12,23,4.3,10,11,21
94.8152,24.5152,2018,12,4,4.5,10,9,44
94.274,23.5204,2018,11,29,4.5,84.06,3,57
94.3227,23.3813,2018,11,19,4.3,10,19,3
93.3925,23.9724,2018,11,10,5.2,52.39,17,15
94.3399,24.3823,2018,11,6,4.2,64.34,22,50
95.1058,24.6818,2018,10,26,4.3,120.42,20,49
95.0062,25.777,2018,9,27,4.2,80.14,13,35
93.913,24.2458,2018,9,25,4.2,57.72,20,51
90.8859,26.0547,2018,9,25,4.4,10,3,47
90.1611,26.3711,2018,9,12,5.3,10,4,50
94.6759,23.1619,2018,9,10,4.4,100.51,16,57
95.3651,24.7558,2018,9,1,4.6,149.33,19,19
94.7739,24.6758,2018,8,18,4.5,85,12,3
90.9299,25.6357,2018,8,17,3.8,10,19,4
94.7501,23.9936,2018,8,16,4.9,95.16,11,55
90.9506,26.7933,2018,8,11,3.8,10,10,4
96.1862,24.005,2018,8,7,4.4,10,21,39
95.2068,24.9529,2018,7,28,4,143.19,0,49
94.856,23.7162,2018,6,24,4.3,121.13,11,7
93.8741,23.927,2018,6,21,4.6,59.13,3,31
94.3727,24.6071,2018,6,20,4.5,67.38,7,44
96.4714,26.3289,2018,6,12,4.2,116.86,13,8
92.6686,26.3263,2018,6,11,4.9,47.34,4,53
94.4873,23.8585,2018,6,5,4.7,82.01,23,12
95.1002,24.5969,2018,6,5,4.8,110.91,16,33
94.6164,23.1945,2018,5,28,4.5,107.26,5,43
94.5796,22.9983,2018,5,26,4.5,96.35,23,42
93.5059,26.3926,2018,5,25,4,49.17,20,25
94.3715,26.4604,2018,5,25,4.4,59.43,12,43
96.0213,24.6396,2018,5,6,4.6,40.78,13,37
93.854,23.9282,2018,4,27,4.4,61.81,10,46
94.6137,22.9621,2018,4,24,5.1,106.27,4,8
95.4783,25.2066,2018,4,20,4.3,147.11,8,28
96.0753,22.6019,2018,4,8,4.5,10,17,40
95.3185,24.8388,2018,4,4,4.6,126.84,15,21
89.9018,26.3137,2018,3,21,4,10,22,58
94.7092,23.6264,2018,3,15,4.3,107.24,16,58
93.5687,24.4242,2018,3,15,4.5,55.55,2,26
93.3372,22.5842,2018,2,20,4.3,37.69,8,12
94.3633,24.5258,2018,2,18,4.1,49.3,20,33
89.5825,24.5706,2018,1,30,4.4,16.25,14,15
94.4713,22.8042,2018,1,24,4.6,105.17,19,21
94.6915,23.9745,2018,1,20,4.2,86.78,10,6
89.8746,26.1323,2018,1,20,4.5,11.47,1,14
95.0332,25.2304,2018,1,18,4.5,83.69,2,3
94.9415,24.5799,2018,1,16,4,101.42,11,23
95.2518,24.9159,2018,1,12,4.3,128.71,7,29
94.9055,24.7382,2018,1,7,5.6,33,6,47
96.4161,24.9808,2018,1,4,4.4,61.11,15,0
96.1232,26.6901,2017,12,29,4.7,76.88,16,19
96.4579,24.914,2017,12,27,4.2,55.03,18,12
96.4527,25.107,2017,12,23,4.2,10,20,42
94.6812,23.4302,2017,12,23,4.6,111.27,15,45
90.8605,25.725,2017,12,11,4.6,10,3,35
96.3486,25.6097,2017,12,9,4.4,10,11,2
94.6672,24.5413,2017,12,5,4.3,80.12,15,50
96.3627,26.609,2017,12,5,4.2,89.32,2,24
94.543,23.6935,2017,11,20,4.9,97.19,8,48
91.2855,24.0923,2017,11,8,4.9,29.51,4,50
94.6071,22.6636,2017,10,13,4.1,117.22,1,32
94.7337,25.0388,2017,10,3,4.5,77.48,13,48
94.8861,24.9962,2017,9,21,4.4,84.2,16,34
90.2279,25.275,2017,9,7,4.1,36.67,14,32
94.4598,23.4984,2017,8,21,4,89.38,0,45
94.5263,25.8288,2017,8,17,4.6,61.1,7,38
93.5456,24.3109,2017,8,8,4.2,62.84,0,35
93.6199,24.3214,2017,8,2,5.1,53.23,18,18
90.7422,23.3761,2017,7,25,4.4,10,9,9
94.8989,25.1098,2017,7,22,4,68.66,20,6
92.2002,24.1789,2017,7,21,4.4,38.77,0,23
95.1618,24.8683,2017,7,17,4.3,122.77,20,20
95.9721,22.832,2017,7,15,4.2,9.04,21,13
94.5573,23.5329,2017,7,13,4.8,89.22,5,3
94.7001,24.3592,2017,7,2,4.9,83.62,5,27
94.7107,23.8429,2017,7,1,4.6,89.67,7,1
94.7144,23.974,2017,6,27,4.4,93.17,9,37
94.4765,23.0408,2017,6,20,4.6,94.73,8,50
93.9674,24.6306,2017,6,18,4.6,21.47,22,35
95.1091,25.2784,2017,6,9,4.6,92.06,11,48
95.1741,24.7698,2017,6,3,4.1,108.98,2,42
94.9352,23.2203,2017,5,29,4.1,107.23,15,36
90.1818,27.5189,2017,5,24,4.4,28.39,3,16
93.9828,23.9172,2017,5,6,4.3,68.35,14,48
90.8833,25.6263,2017,4,25,4.3,31.19,16,14
91.6394,25.0632,2017,4,18,4.5,34.06,14,1
95.0201,25.0469,2017,3,25,4.5,104,2,5
92.5623,25.3798,2017,3,21,4.4,34.67,15,40
94.5703,24.7062,2017,3,9,4.7,69.71,2,55
95.1428,25.1149,2017,3,6,4.3,89.95,21,30
94.6658,25.1865,2017,3,4,5.1,74.07,2,11
94.5486,24.8454,2017,3,3,4.1,65.83,23,30
93.4825,24.0437,2017,2,24,5,59.8,12,2
91.1035,25.548,2017,2,12,4.4,36.94,4,5
94.7713,22.5372,2017,2,8,4.5,121,20,46
96.4968,25.9321,2017,1,29,4.5,41.14,21,36
91.8799,25.6419,2017,1,24,4.3,35,12,25
94.5655,24.559,2017,1,18,4.5,63,3,3
95.364,26.4049,2017,1,12,4.5,68.8,9,32
94.7422,22.9682,2017,1,4,4.6,123.35,14,28
96.0688,22.8948,2017,1,4,4.2,13,12,41
94.5035,23.3168,2017,1,3,5.1,88.62,18,49
92.0177,24.0151,2017,1,3,5.7,32,9,9
94.5877,22.763,2016,12,26,4.2,104.09,17,25
94.5033,22.7969,2016,12,15,4.3,97.7,3,44
94.5533,23.146,2016,12,11,4.4,89.75,20,32
94.8888,24.6052,2016,12,8,4.3,99.72,9,32
94.8822,23.447,2016,12,8,4.6,35.56,7,46
92.3284,24.6475,2016,11,15,4.6,32.42,2,10
92.8708,23.1261,2016,10,26,4.7,50.3,6,29
94.6,22.899,2016,10,26,4.9,107.88,2,21
90.2619,26.0659,2016,10,23,4.6,24.31,15,56
91.2146,24.7872,2016,10,19,4.4,29.79,7,20
96.2738,24.8275,2016,10,11,4.6,26.73,17,41
95.0006,25.2519,2016,10,11,4.7,95.33,7,30
94.1855,23.1834,2016,10,7,4.5,37.84,19,28
92.773,26.443,2016,10,6,4.3,56.85,14,47
95.6127,25.2601,2016,9,22,4.6,141.47,13,23
93.9151,24.368,2016,9,17,4.3,63.47,2,46
94.6983,23.8972,2016,8,23,5,101.74,2,11
94.7324,22.5185,2016,8,15,4.5,115.1,8,57
94.5868,22.8487,2016,7,20,4.4,91.45,3,23
94.8081,24.5435,2016,7,13,4,91.5,9,33
95.2089,24.8397,2016,7,5,4.4,101.26,9,43
95.3737,24.9691,2016,7,1,4.7,132.35,19,22
92.0667,22.7084,2016,6,27,4.7,10,0,27
94.6296,22.6845,2016,6,22,4.6,109.32,13,3
95.2245,25.7858,2016,6,11,4.5,83.12,18,12
93.8121,22.6959,2016,6,10,4.3,40.58,14,21
96.4968,26.5252,2016,5,27,4.6,64.3,5,3
94.5819,23.9073,2016,5,21,4,83.75,21,57
93.9152,22.7638,2016,5,19,4.8,42.42,23,10
90.2255,25.9006,2016,5,16,4.3,35.12,18,3
94.3125,24.2716,2016,5,12,4.8,71.48,7,54
91.7893,25.4013,2016,5,7,4.1,37.62,9,43
94.287,23.4241,2016,5,6,4.1,26.82,3,6
94.7197,22.6224,2016,5,1,4.2,79.46,7,8
96.0794,24.5441,2016,4,22,4.3,57.11,7,50
94.1986,23.816,2016,4,14,4.6,61.25,5,41
94.8654,23.0944,2016,4,13,6.9,136,13,55
90.5452,25.7595,2016,4,5,5,10,7,42
94.3079,23.7551,2016,4,3,4.1,62.6,10,58
90.6891,25.9519,2016,3,28,4,10,18,40
96.1321,24.6302,2016,3,23,4.5,57.15,10,50
92.2565,26.245,2016,3,13,4.5,53.71,10,30
93.8341,22.6044,2016,3,10,4.2,34.99,15,2
93.9433,22.7585,2016,3,7,4.5,50.03,12,23
95.4216,26.4817,2016,3,2,4.1,21.67,4,3
93.4977,26.196,2016,2,16,4.7,39.72,23,6
94.9004,24.1868,2016,1,18,4.3,84.65,6,4
93.4003,24.8896,2016,1,6,4.3,58.15,10,25
93.6505,24.8036,2016,1,3,6.7,55,23,5
93.0894,26.2583,2015,12,23,4.3,48.5,9,22
90.5812,24.4134,2015,12,21,4,14.16,23,52
95.0379,24.5749,2015,12,13,4,146.62,11,17
94.9855,22.5864,2015,11,27,4.6,13.79,12,4
92.9745,26.4076,2015,11,25,4.7,54.52,16,15
94.8163,24.7399,2015,11,15,4.4,89.65,23,24
94.6561,24.4982,2015,11,13,4.2,70.68,1,56
94.5795,23.4416,2015,11,7,4.3,104.83,9,29
96.7414,26.6982,2015,10,31,4.3,29.65,2,5
92.4488,24.6819,2015,10,29,4.8,36.31,22,15
92.8262,24.1002,2015,10,28,4.3,38.49,23,54
94.9918,24.5022,2015,10,27,4.1,93.35,13,50
94.4863,24.7157,2015,10,17,4.3,63.02,6,29
96.0264,24.2558,2015,10,10,4.5,49.02,23,54
93.4444,22.5271,2015,10,2,4.6,42.65,11,29
94.5161,23.1474,2015,9,25,4.1,90.41,20,28
91.6928,26.5308,2015,9,25,4.4,48.82,16,57
94.4498,22.9503,2015,9,22,4.7,82.76,13,19
93.9401,23.3233,2015,9,18,4.4,80.2,21,16
93.8603,23.6991,2015,9,18,4,64.09,20,25
94.6668,24.5969,2015,9,17,4.7,80.13,18,34
96.0216,22.9668,2015,9,13,4.2,35,15,43
89.5568,26.0549,2015,9,11,4,18.5,23,56
92.8261,26.1923,2015,9,5,4.2,47.23,5,39
94.8224,24.5826,2015,9,3,4.5,43.17,20,49
94.8938,23.1486,2015,8,31,4.1,59.66,1,52
95.143,24.8239,2015,8,29,4.1,113.11,16,31
90.2598,26.0142,2015,8,20,3.9,42.95,19,21
94.8588,24.6339,2015,8,12,4.5,42.8,2,44
91.184,27.3538,2015,7,27,4.4,32.22,7,33
93.694,24.0249,2015,7,21,4.2,59.71,8,21
96.5118,26.4644,2015,7,13,4.5,101.35,11,3
90.5991,26.6628,2015,7,10,4.3,19.67,12,53
94.1447,27.4318,2015,7,10,4.1,14.66,1,53
95.3332,24.7918,2015,7,4,4.4,131.72,23,8
94.6007,23.7112,2015,7,3,4,81.49,17,1
91.2869,27.2728,2015,7,1,4.5,35.46,2,42
90.7596,26.0436,2015,6,30,4,42.34,13,15
90.41,26.6384,2015,6,28,5.1,26,1,5
94.7168,22.8401,2015,6,12,4.2,97.79,0,24
95.7989,26.2683,2015,6,1,4.3,114.83,7,12
93.9733,24.2488,2015,5,26,4.3,64.58,17,24
95.8893,22.7454,2015,5,21,4.2,22.56,12,43
94.7996,26.2401,2015,4,30,4.8,10,19,21
92.7714,26.7924,2015,4,16,4.8,35,22,5
96.1785,24.3994,2015,4,15,4.2,42.01,17,57
94.263,23.255,2015,4,3,4.5,109.7,12,23
94.6817,24.3192,2015,3,17,4.3,98.9,15,28
95.8284,22.5853,2015,3,8,4.4,10,5,45
95.1743,25.7707,2015,2,23,4.4,94.12,6,36
96.7339,26.5563,2015,2,19,4,56.84,9,18
95.3089,25.1347,2015,2,16,4,35,5,31
93.7186,23.7765,2015,2,12,4.4,54.61,15,33
93.923,23.9982,2015,2,12,4.8,65.84,14,33
93.3551,26.4166,2015,2,1,4.2,45.22,16,0
96.4688,24.8923,2015,2,1,4.1,61.78,13,33
95.9982,23.1027,2015,1,27,4.2,38.62,12,41
95.1923,25.0231,2015,1,24,4.7,120.19,16,11
95.5982,26.0195,2015,1,18,4.2,78.99,13,9
92.6144,22.6215,2015,1,15,4.3,50.37,1,33
93.6863,24.257,2015,1,5,4.2,61.69,15,39
96.0449,22.7664,2015,1,2,4.1,16.27,23,23
91.6204,26.2946,2014,12,29,4,45.02,17,26
94.1131,22.6329,2014,12,28,4.5,54.32,17,22
94.908,23.2423,2014,12,27,4.2,122.04,2,2
94.6939,24.2001,2014,12,21,5.1,99.66,5,37
94.5261,24.405,2014,12,11,4.7,79.9,19,27
94.5466,24.401,2014,12,10,4.2,84.1,14,44
92.6206,26.886,2014,12,4,4.6,53.1,23,53
93.7677,23.8065,2014,11,23,4.5,65.96,10,45
93.5255,23.5043,2014,11,21,4.6,67.72,16,11
93.4722,23.4809,2014,11,20,4.1,63.57,22,45
93.5148,23.5081,2014,11,20,5.6,49,18,14
90.3078,27.5222,2014,11,17,4.2,31.87,2,6
93.581,24.0419,2014,11,16,4.3,60.62,20,33
95.2728,24.8093,2014,11,13,4.4,129.63,21,29
94.0857,23.5981,2014,11,11,4.7,71.86,18,35
94.866,24.8744,2014,11,8,4.8,87.48,18,19
96.298,24.8777,2014,11,8,4.8,66.19,17,6
94.045,26.7052,2014,11,2,4.3,57.37,5,41
94.6864,23.6866,2014,10,24,4.6,108.67,5,11
93.9631,23.9814,2014,10,24,4.6,69.37,0,5
94.6821,23.4256,2014,9,20,4.5,95.97,13,16
94.3299,23.1078,2014,9,17,4.3,90.01,10,4
94.7457,24.5258,2014,9,15,4.3,90.15,21,38
89.9947,25.6524,2014,9,12,4.1,15,7,56
95.365,25.0074,2014,9,6,4.7,134.14,17,12
94.111,23.8778,2014,9,4,4.4,10,7,30
92.5625,27.5614,2014,8,20,4.1,38.3,8,5
91.4071,23.6717,2014,8,17,4.1,38,20,34
94.5693,24.593,2014,8,16,5,91.24,16,39
94.7039,24.3849,2014,8,1,4.7,85.67,20,27
94.4006,23.7831,2014,7,29,4.1,41.3,7,42
89.5651,26.0259,2014,7,22,4.2,8.4,22,58
89.7033,26.0035,2014,7,22,4.3,16.03,20,54
94.4741,24.156,2014,7,13,4.2,81.69,22,50
94.1629,25.0114,2014,7,1,4.3,69.7,20,6
94.2199,23.153,2014,6,24,4.1,64.24,3,52
95.1007,24.7211,2014,6,18,4.3,101.17,3,4
92.5167,26.8748,2014,6,14,4.3,10,5,24
94.3076,23.2957,2014,6,11,4.2,45.51,15,7
91.5293,24.1878,2014,6,9,4.1,31.79,17,40
94.1108,23.3067,2014,6,7,4.4,67.31,22,23
93.3926,22.5351,2014,6,4,4.6,55.25,7,20
90.227,26.5567,2014,5,30,4,10,6,37
94.4977,24.2536,2014,5,29,4.6,85.55,3,23
95.1224,25.2405,2014,5,28,4.4,97,3,19
92.9493,26.4109,2014,5,18,4.2,52.02,19,33
94.3501,23.157,2014,4,30,4.3,89.17,7,46
96.0692,22.6909,2014,4,24,4.1,13.14,22,49
93.8616,25.461,2014,4,6,4.4,52.33,6,37
93.1676,23.0504,2014,4,4,4.2,41.45,6,57
92.9947,26.2313,2014,4,1,4.4,41.23,17,45
95.8483,26.4089,2014,3,28,4.1,97.33,3,9
94.2498,22.9777,2014,3,22,4.5,86.24,8,35
94.2542,24.1764,2014,3,21,4,60.59,12,39
94.4366,23.362,2014,3,20,4.5,71.15,4,0
95.9723,22.9114,2014,3,18,4.4,22.09,19,20
93.8661,23.8952,2014,3,15,4.3,63.44,5,9
96.5402,25.3458,2014,3,1,4.1,49.69,3,22
91.3541,23.7432,2014,2,28,3.9,37.8,13,11
93.7131,24.4736,2014,2,26,4.4,59.51,20,58
92.5521,27.013,2014,2,23,4.4,53.66,17,4
94.5476,22.6262,2014,2,13,4.5,92.4,16,8
96.0719,23.7689,2014,2,9,4.1,51.92,23,24
96.0226,22.7971,2014,2,2,4.4,13.81,16,45
94.3778,22.8394,2014,1,30,4.7,90.83,12,17
93.9581,23.8428,2014,1,29,5.1,59.11,13,46
95.9078,23.0007,2014,1,26,5.2,12.43,12,38
95.7353,22.6167,2014,1,24,4.1,24.58,23,25
93.9346,23.8426,2014,1,24,4,70.85,0,51
94.1357,22.929,2014,1,7,4.2,52.67,16,32
93.1207,24.1788,2013,12,30,4.2,38.13,9,44
94.3609,22.6063,2013,12,25,4.3,109.25,13,25
94.2789,23.0989,2013,12,15,4.1,95.54,7,35
89.5628,26.5885,2013,12,4,4.7,13.6,13,5
96.1736,23.0163,2013,12,3,4.1,17.03,10,2
96.153,26.2586,2013,11,27,4.5,89.8,17,29
94.6661,24.4844,2013,11,12,4.4,88.79,19,52
93.5345,26.3701,2013,11,6,4.8,46.84,4,19
93.6451,26.4118,2013,11,6,5.4,34.32,4,16
91.3813,27.2426,2013,10,29,4.3,38.19,18,9
94.4265,23.0264,2013,10,29,4.6,84.87,7,51
95.5348,25.2388,2013,10,28,4,44.81,1,8
94.4506,23.0293,2013,10,21,4.4,96.78,20,11
95.9927,23.1303,2013,10,10,4.4,9.6,17,54
92.9225,26.2602,2013,10,7,4.2,7.87,20,53
94.7407,24.8368,2013,9,28,4.2,91.29,19,50
93.2795,23.8621,2013,9,26,4.6,55.92,5,30
95.9607,22.9341,2013,9,20,5.7,4,12,24
95.8765,22.8604,2013,9,20,4.9,10,11,53
92.3593,27.1438,2013,9,9,4.5,10,11,58
95.9365,22.9608,2013,9,9,5,10,3,28
95.0718,25.3564,2013,9,7,4.5,81.93,3,24
94.7308,24.5651,2013,8,21,4.2,95.01,12,56
92.5235,26.6379,2013,8,21,4.2,53.17,8,41
92.5269,26.6306,2013,8,21,4.2,54.4,6,57
96.2594,25.5549,2013,8,13,4.3,57.67,21,25
94.7314,23.9377,2013,8,2,5,100.98,12,4
90.7,26.267,2013,7,12,4.1,48.2,7,1
95.795,24.138,2013,7,8,4.3,58.4,13,27
91.359,23.84,2013,7,8,4.1,10.1,3,44
93.412,25.937,2013,7,6,4.1,48.9,21,41
96.535,25.047,2013,5,6,4.2,53,21,7
92.644,27.513,2013,4,27,4.4,28.3,5,16
94.028,22.999,2013,4,21,4.6,74.3,19,35
94.093,22.802,2013,4,18,4.3,54.6,3,0
91.979,26.06,2013,4,16,4.4,43.8,1,23
95.976,23.071,2013,3,30,4.8,10,20,4
92.222,24.677,2013,3,2,5.2,38.7,1,30
94.557,22.609,2013,2,28,4.6,104.1,18,32
94.707,23.61,2013,1,15,4.7,110.9,11,17
95.048,25.329,2013,1,9,5.8,93,1,41
94.002,24.886,2013,1,3,4.4,73.8,5,47
94.02,22.624,2013,1,2,4.4,63.8,17,25
95.96,22.96,2012,12,30,4.2,37.3,10,43
91.782,24.209,2012,12,30,4.3,22.5,8,16
95.92,22.794,2012,12,26,4.4,3.8,15,20
95.908,22.783,2012,12,26,4.9,18,13,59
96.18,23.208,2012,12,26,4.4,35,8,48
95.99,22.862,2012,12,20,4.7,10,5,56
96.61,25.399,2012,12,18,4.6,32.1,11,51
95.874,22.745,2012,12,14,4.7,10,2,17
96.041,23.117,2012,12,13,4.3,10,16,13
93.892,23.192,2012,12,11,4.2,67.5,7,19
95.094,25.019,2012,12,5,4.2,105.1,8,5
95.889,23.11,2012,12,3,4.6,35.4,11,55
95.94,22.827,2012,11,30,4.2,10,12,58
95.998,25.683,2012,11,30,4.4,97.2,3,52
96.033,22.692,2012,11,28,4.3,10,12,11
91.482,23.62,2012,11,25,4.5,39.8,6,1
95.959,22.992,2012,11,19,4.9,31.1,17,25
96.06,22.821,2012,11,14,4.4,10,14,4
95.943,22.895,2012,11,13,5,10,18,28
96.156,23.105,2012,11,13,4.2,10,8,42
96.013,23.1,2012,11,13,4.7,10,8,36
95.866,23.132,2012,11,11,5.5,28.4,18,19
95.938,22.749,2012,11,11,4.8,8.8,14,45
95.832,22.72,2012,11,11,5.8,6,10,54
95.92,22.711,2012,11,11,4.1,10,1,49
95.922,23.082,2012,11,11,4.4,12,1,40
96.148,22.985,2012,11,11,4.5,10,1,37
95.839,22.679,2012,11,11,4.9,13.7,1,32
95.963,23.356,2012,11,11,4.3,20,1,31
95.919,22.794,2012,11,11,4.8,10,1,29
95.926,22.81,2012,11,11,4.9,17.5,1,21
95.885,23.005,2012,11,11,6.8,13.7,1,12
95.088,24.893,2012,11,2,4.5,106.1,21,31
92.337,26.117,2012,10,30,4.6,62,1,40
94.681,23.005,2012,10,28,4.3,103.8,11,4
96.116,24.869,2012,10,26,4,10,4,42
94.017,24.548,2012,10,12,4,35,23,16
96.368,26.064,2012,10,10,4.2,52.6,5,29
92.939,26.913,2012,10,2,4.5,37.8,18,51
92.994,26.953,2012,10,2,4.6,35,18,40
92.818,26.879,2012,10,2,5.2,36.8,18,37
96.682,25.459,2012,9,22,4.6,42.8,20,42
93.53,24.41,2012,9,11,4.5,60.4,18,9
94.382,23.803,2012,9,11,4.8,50.5,11,9
91.208,25.455,2012,9,6,4.5,45.1,18,27
92.622,26.561,2012,8,19,4,57,19,4
92.57,26.599,2012,8,19,4.8,48.9,9,24
91.863,24.714,2012,8,5,4.2,56.8,6,36
94.22,23.076,2012,8,2,4.2,35,19,8
96.324,26.103,2012,8,2,5.1,55.6,19,6
96.311,26.055,2012,8,1,4.7,43.8,21,58
94.299,22.935,2012,7,29,5.7,75.3,2,21
96.725,25.059,2012,7,22,4.3,10,3,8
96.427,24.998,2012,7,22,5.1,22.6,2,11
93.074,23.054,2012,7,17,4.4,47.6,6,0
96.546,25.437,2012,7,16,4.4,41.1,23,16
94.48,25.424,2012,7,14,5.2,52.1,19,55
90.663,27.074,2012,7,10,4.7,35,13,3
96.529,25.347,2012,7,9,5.1,31,20,13
94.723,25.587,2012,7,1,4.3,58.2,4,54
94.696,25.592,2012,7,1,5.6,58,4,13
94.305,23.71,2012,6,12,4.7,45.3,17,2
96.577,25.137,2012,6,6,4.5,54.7,4,38
95.085,24.517,2012,5,30,4.5,108.7,9,28
91.1,26.491,2012,5,27,4.3,34.7,15,1
92.889,26.175,2012,5,11,5.4,43.3,12,41
95.395,27.403,2012,5,4,4.4,45.9,20,9
92.274,26.252,2012,5,1,4.2,35,22,43
94.983,25.244,2012,4,13,4.5,85.1,10,11
90.259,23.662,2012,3,18,4.5,44,2,56
94.466,22.921,2012,3,14,4,101.5,15,40
91.237,27.447,2012,3,1,4.6,53.6,17,25
94.613,23.999,2012,2,28,4.6,54.9,20,55
94.253,26.146,2012,2,10,4.8,52.3,19,10
94.248,26.046,2012,2,10,4.3,42.6,15,45
95.153,25.203,2012,1,11,4.6,105.3,22,23
91.834,23.472,2012,1,1,4.6,27.8,2,35
94.255,23.355,2011,12,26,4.7,73.8,10,40
95.26,24.886,2011,12,12,4.6,122.4,4,45
95.232,24.96,2011,11,21,5.7,107,3,15
95.588,24.923,2011,11,4,4.7,160.3,10,14
93.516,24.19,2011,10,29,4.7,35,7,51
94.211,24.884,2011,10,21,4.5,65.9,14,40
91.28,27.131,2011,10,21,4.5,27,8,29
93.732,23.173,2011,10,16,4.2,66.6,0,53
93.994,24.307,2011,9,23,4.4,56.4,13,23
95.067,23.647,2011,9,22,4.7,139.3,14,17
95.178,25.002,2011,9,19,4.5,116.8,8,4
91.178,25.759,2011,9,18,4,37.1,19,20
90.63,23.355,2011,8,27,4.2,10,0,55
94.116,22.753,2011,8,8,4.4,39.2,18,54
95.156,24.805,2011,8,5,4.2,114.6,16,23
92.072,24.532,2011,7,22,4,43.7,0,58
96.391,23.809,2011,6,26,4.3,66.3,2,27
94.259,23.734,2011,6,25,4.7,81.4,23,40
91.484,23.887,2011,6,23,4.4,35,12,39
89.655,23.602,2011,6,9,4.4,35,7,34
96.743,25.429,2011,6,1,4.2,41.5,8,38
94.552,24.542,2011,5,31,4.3,54.2,18,45
94.509,24.221,2011,5,30,4,81.5,19,17
92.307,25.102,2011,5,24,4.1,47,3,14
96.621,26.073,2011,5,15,4.2,25.7,15,32
94.971,23.077,2011,5,7,4.7,164.6,1,47
91.321,23.686,2011,5,3,4,10,14,39
95.099,25.361,2011,4,29,4.3,105,2,39
93.044,25.076,2011,4,26,4.4,60.1,17,0
96.067,23.857,2011,4,22,4.3,47.3,8,13
92.866,23.772,2011,4,19,4.1,38.1,13,39
94.561,24.487,2011,4,19,4.5,84.9,3,34
95.279,26.119,2011,4,18,4.1,85.1,9,33
94.571,22.803,2011,3,20,4.7,73.8,17,31
94.717,24.59,2011,3,12,4.4,87.7,10,46
94.334,22.948,2011,3,8,4.3,88.8,17,48
93.989,23.946,2011,3,6,4.4,63.3,0,18
94.747,24.485,2011,2,22,4,87.3,22,57
96.326,26.114,2011,2,14,4.8,59.1,23,44
94.547,22.752,2011,2,13,4.4,100.5,16,42
90.998,23.248,2011,2,12,4.1,10,10,22
94.805,24.531,2011,2,4,4.1,78.4,14,6
94.68,24.618,2011,2,4,6.2,85,13,53
94.627,24.267,2011,1,27,4.7,86.3,22,40
92.9,23.811,2011,1,27,4.1,10,6,10
94.756,24.401,2011,1,18,4.8,95.9,2,15
92.432,25.488,2010,12,29,4.1,29.8,14,3
93.304,24.792,2010,12,12,4.8,47.4,1,40
94.218,23.376,2010,11,23,4.6,85.9,20,34
90.205,25.72,2010,9,11,4.5,22.3,7,2
90.648,23.407,2010,9,10,5.1,10,17,24
95.176,25.148,2010,8,30,4.7,111.6,9,39
95.024,24.891,2010,8,8,4,45.9,13,31
94.097,22.882,2010,8,6,4.1,77.8,20,25
94.729,23.272,2010,7,27,4.1,111.6,14,23
91.219,27.298,2010,7,21,4.5,44.5,2,57
95.12,25.673,2010,6,23,4,87.6,1,57
94.81,24.55,2010,6,12,4.4,113.9,20,22
96.501,25.048,2010,6,1,4.6,29.9,3,54
94.39,24.151,2010,4,28,4.5,64.5,18,54
95.377,24.827,2010,3,21,4.4,125.4,7,49
94.623,23.062,2010,3,12,5.5,102.1,23,19
93.156,26.062,2010,2,24,4,52.8,14,43
93.282,25.818,2010,2,23,4.7,53.9,6,55
94.639,23.219,2010,2,20,4.8,94.8,21,7
91.51,27.319,2009,12,31,5.5,10,9,57
94.807,24.357,2009,12,29,5.6,124.8,9,1
94.428,23.729,2009,12,19,4.5,74.2,6,18
94.538,23.481,2009,12,9,4.5,35,21,55
91.455,27.272,2009,12,1,4.2,10,11,23
91.435,27.352,2009,11,30,4.4,10,12,38
96.416,24.956,2009,11,26,4.3,36.8,7,28
90.018,26.548,2009,10,29,4.8,30.4,19,57
91.417,27.262,2009,10,29,5.1,26,17,0
94.503,23.265,2009,10,11,4.8,88.4,18,26
91.526,27.289,2009,9,22,4,27.9,8,27
91.491,27.305,2009,9,21,4.1,10,10,22
91.489,27.31,2009,9,21,4.5,10,9,16
91.437,27.332,2009,9,21,6.1,14,8,53
94.669,24.332,2009,9,3,5.9,95,19,51
95.101,25.28,2009,8,30,5.3,82.2,19,27
92.47,26.556,2009,8,19,5,10,10,45
94.793,24.323,2009,8,11,5.5,99,21,43
93.483,22.513,2009,8,5,4.7,72.2,2,58
94.176,24.286,2009,7,6,4.1,52,9,55
93.276,25.668,2009,6,22,4.3,32.8,13,26
93.811,23.167,2009,6,3,4.5,46.1,19,3
93.21,23.356,2009,6,3,4.3,45.3,18,42
96.463,25.228,2009,5,19,4.2,43.8,7,34
94.555,24.577,2009,5,15,4.7,74,15,6
94.726,23.504,2009,5,5,4.7,113,9,23
94.535,22.957,2009,4,29,4.3,113.5,23,31
91.446,26.112,2009,4,25,4.4,37.8,14,29
95.098,25.324,2009,4,17,4.6,104.8,21,14
95.179,24.823,2009,3,3,4.7,115.5,1,27
92.82,23.291,2009,2,25,4.5,35,23,51
94.67,25.836,2009,2,24,4.8,33,17,46
94.666,24.162,2009,2,6,4.2,53.8,7,32
93.974,23.339,2009,1,29,4.5,75.9,22,46
93.875,24.671,2008,12,26,0,76.6,5,43
94.729,24.612,2008,12,23,4.4,87.2,16,2
91.966,24.998,2008,12,23,4,41.7,13,20
95.695,22.564,2008,12,21,4.6,27.2,14,51
95.898,22.746,2008,12,20,5.3,10,23,22
94.526,22.583,2008,12,19,4.5,108.1,11,52
94.656,24.899,2008,12,14,4,79.6,16,54
93.645,23.135,2008,12,5,4.2,73.9,12,59
94.049,22.824,2008,11,29,4.6,87.1,6,54
91.587,23.981,2008,11,18,3.6,35,23,15
91.142,23.77,2008,11,18,3.8,35,23,0
94.572,23.023,2008,11,10,4.7,108,20,55
92.847,25.817,2008,11,7,3.9,50.8,0,29
90.69,23.398,2008,10,27,0,10,20,1
93.893,23.403,2008,10,8,4.6,65,6,46
96.438,24.911,2008,10,4,3.9,10,11,36
93.577,23.504,2008,10,3,0,54.8,17,0
93.896,23.748,2008,9,29,3.9,45.9,4,59
90.733,23.457,2008,9,20,0,10,12,21
90.691,23.394,2008,9,20,4.2,10,12,0
90.732,23.398,2008,9,20,4.5,10,11,51
90.817,23.446,2008,9,20,0,10,11,42
90.583,23.311,2008,9,20,0,10,11,16
96.653,25.203,2008,9,18,0,35,20,33
95.131,26.017,2008,9,4,4.4,80.8,20,33
95.676,26.035,2008,8,30,4.3,99.9,14,41
92.552,22.661,2008,8,29,0,35,17,31
92.012,27.149,2008,8,27,4.2,50.7,5,35
94.645,22.755,2008,8,14,0,122.8,4,47
96.49,24.969,2008,8,8,4,3.8,17,30
94.596,23.582,2008,7,28,3.9,86.7,23,2
94.642,23.577,2008,7,27,5.2,94.2,22,42
94.006,22.973,2008,7,27,4,40.3,1,4
90.536,24.788,2008,7,26,4.8,17.5,18,51
94.416,22.899,2008,7,25,4.2,103.8,18,9
93.454,24.56,2008,7,22,3.8,52.9,2,20
95.066,25.049,2008,7,18,4.4,103.8,13,10
92.021,27.419,2008,7,14,4.1,61.1,13,28
96.538,26.707,2008,7,9,3.7,129,23,18
94.352,22.665,2008,7,9,3.9,100.1,5,3
95.33,25.972,2008,7,7,4.9,72,2,50
89.734,26.979,2008,7,6,4,25.8,3,5
96.585,25.38,2008,6,27,4.6,35,17,33
94.615,23.462,2008,6,24,4.2,124.2,20,49
94.522,23.421,2008,6,18,4.6,115.8,14,30
95.561,24.492,2008,6,7,4.2,10,10,34
94.759,23.409,2008,5,29,4.1,122.1,13,5
91.791,26.308,2008,5,29,4.5,45.5,10,34
94.122,22.812,2008,5,28,3.5,78.9,3,38
95.077,24.352,2008,5,21,4.4,133.1,8,0
96.029,24.309,2008,5,16,4.4,67.6,4,44
92.536,27.001,2008,5,13,3.5,106.1,20,44
91.209,24.005,2008,5,8,3.9,30.6,22,20
92.046,26.1,2008,5,5,3.6,35,19,41
94.477,23.942,2008,4,20,4.3,98.8,0,30
92.244,26.07,2008,4,17,4.6,43.8,1,12
92.428,22.768,2008,4,8,4.2,39.5,19,10
92.383,22.774,2008,4,8,0,35,15,49
94.376,22.553,2008,4,6,3.9,101.1,2,23
92.982,26.312,2008,4,3,4.3,45.6,19,5
94.517,23.857,2008,3,28,4,7.7,17,49
94.593,24.031,2008,3,28,4.2,123,6,1
93.295,24.041,2008,3,26,4.1,35,4,38
95.232,24.691,2008,3,25,3.7,122.4,23,26
90.033,23.873,2008,3,20,3.8,35,13,15
92.841,26.472,2008,3,18,4.1,56.2,15,31
95.903,26.628,2008,3,15,3.9,90,2,48
92.797,25.076,2008,3,14,0,35,13,27
91.937,26.784,2008,3,13,4.4,38,15,42
95.159,24.52,2008,3,10,3.9,93.2,0,1
94.838,24.8,2008,3,8,4.3,35,16,51
95.754,26.491,2008,2,27,3.9,79.9,20,10
94.114,23.193,2008,2,26,4.5,70.8,22,20
94.379,24.037,2008,2,25,0,78.7,16,12
94.223,22.53,2008,2,25,0,91.7,9,46
90.355,27.575,2008,2,23,3.9,35,13,39
94.871,25.73,2008,2,14,4.5,63.4,1,35
95.675,26.42,2008,2,10,3.7,85,8,39
94.062,23.237,2008,2,4,4.3,46,22,17
93.525,23.824,2008,2,4,0,73.4,14,18
94.892,24.665,2008,2,2,0,111.3,21,58
92.403,22.787,2008,1,31,4.9,45.1,13,22
92.728,27.528,2008,1,29,4.1,45.1,12,23
96.214,24.188,2008,1,23,0,44.6,16,58
94.568,22.643,2008,1,14,4.1,109.2,22,54
94.934,24.591,2008,1,14,3.8,123.4,13,0
95.112,24.728,2008,1,13,0,134,15,5
92.333,22.761,2008,1,12,4.9,33.8,22,44
96.355,26.486,2008,1,12,4.3,35,16,40
96.036,22.929,2008,1,11,4,10,19,41
94.641,23.606,2007,12,23,3.9,100.5,3,36
96.374,24.85,2007,12,22,4,10,18,8
93.86,23.477,2007,12,15,4.4,42,4,24
94.314,24.307,2007,12,11,4.3,76.3,13,45
94.565,23.495,2007,12,7,5,113.3,6,56
94.134,24.265,2007,12,7,0,97,6,51
95.307,26.031,2007,11,30,4.4,93.2,8,44
94.675,23.39,2007,11,29,5.1,114.8,19,0
92.325,22.787,2007,11,25,3.7,35,17,39
93.25,26.329,2007,11,17,4.2,35,3,59
94.218,23.034,2007,11,7,3.5,112,2,27
93.787,23.748,2007,11,1,0,79.3,4,9
92.157,23.497,2007,10,18,3.5,35,22,9
96.046,24.212,2007,10,3,0,67.3,11,58
94.586,23.939,2007,9,26,4.3,50.3,17,33
94.468,23.851,2007,9,26,4.5,51,16,17
95.489,25.019,2007,9,22,4.2,53.3,22,57
91.13,25.241,2007,9,18,4.3,40,19,49
94.699,23.699,2007,9,11,4.6,105.5,18,58
92.707,23.005,2007,9,7,4.2,38.6,20,14
90.611,23.063,2007,8,31,4.5,42.5,12,6
93.666,23.011,2007,8,26,3.8,131.9,3,20
94.594,23.004,2007,8,18,4.3,121.8,0,56
94.151,23.134,2007,8,16,4.6,10,5,16
93.873,23.762,2007,8,13,4.3,65.5,8,28
94.79,24.344,2007,8,10,4,100.8,1,47
92.359,22.83,2007,7,28,4,32,1,0
92.255,22.765,2007,7,28,4.8,36.9,0,48
94.599,24.157,2007,7,20,4.3,95.8,17,1
96.581,25.429,2007,6,29,5.2,52.7,23,24
94.24,25.946,2007,6,25,4.8,15.4,18,9
95.376,24.979,2007,6,21,4,10,14,26
96.129,23.626,2007,6,10,0,10,16,18
94.742,25.308,2007,6,4,0,81.3,8,31
95.817,26.182,2007,5,15,4.3,114.2,23,23
94.483,23.161,2007,5,7,5,93.7,5,58
96.622,26.141,2007,5,1,4.1,10,20,51
92.591,27.517,2007,4,11,3.7,70.7,5,21
95.207,24.886,2007,4,5,4.5,125.2,8,42
95.578,26.288,2007,3,18,3.8,84.9,21,55
91.329,27.288,2007,3,14,3.9,58.4,1,9
94.477,23.687,2007,3,13,4.3,83.9,22,46
94.751,24.335,2007,3,9,4.2,91.3,14,50
95.166,25.12,2007,3,1,3.7,41.9,3,40
94.811,24.415,2007,2,17,4.4,110,23,52
92.621,24.476,2007,2,15,0,10,18,13
91.339,26.326,2007,2,14,3.7,35,11,44
91.254,26.762,2007,1,28,0,10,7,28
94.491,24.702,2007,1,24,4.7,71.4,11,3
89.86,25.686,2007,1,24,4.1,19.6,10,29
94.156,23.549,2007,1,21,4,73.6,16,15
93.065,22.56,2007,1,21,4,50.5,2,48
91.408,24.005,2007,1,2,0,30,13,0
92.364,23.077,2006,12,6,0,35,14,42
94.451,24.221,2006,11,16,3.7,83.5,18,11
92.326,24.536,2006,11,10,4.9,42.5,13,21
95.146,24.694,2006,11,6,4.8,120,1,19
92.27,27.396,2006,10,20,3.8,35,1,25
94.59,22.635,2006,10,14,4.3,117.9,19,3
92.176,27.165,2006,10,14,3.7,35,1,18
94.445,23.673,2006,9,29,4.5,61.9,12,13
94.658,22.732,2006,9,24,4.4,119.1,8,45
96.735,26.803,2006,9,21,4.2,61.7,22,43
94.597,24.635,2006,9,10,4.2,96.1,6,12
89.817,26.217,2006,8,31,3.8,28.4,5,36
94.028,23.26,2006,8,13,4.2,88.4,15,10
92.71,24.662,2006,8,12,5,42.8,20,46
95.095,25.893,2006,8,10,0,10,16,21
96.325,26.467,2006,8,9,4.5,88,14,37
89.885,23.662,2006,8,5,4.2,10,14,39
93.614,23.773,2006,8,3,4.1,57.2,12,32
94.453,24.283,2006,8,2,4.2,92,13,6
94.29,24.822,2006,6,22,4.6,58.8,19,16
90.676,25.529,2006,6,19,4.2,40.9,16,57
94.566,23.765,2006,5,30,4.1,126.6,13,42
95.081,24.936,2006,5,15,4.2,112.8,23,58
94.266,23.344,2006,5,14,3.9,100,4,36
94.307,23.309,2006,5,11,5.6,30,17,22
95.239,24.805,2006,5,11,4.8,106.2,9,49
95.756,26.029,2006,5,9,4.6,106.3,23,17
94.466,24.098,2006,5,1,4.1,131.4,1,56
94.978,24.918,2006,4,25,4.1,86.6,13,18
94.628,24.241,2006,4,14,4.8,106.4,16,24
92.237,27.271,2006,4,11,4.1,48.7,3,54
91.369,24.419,2006,4,11,3.6,21.3,1,7
96.668,26.209,2006,4,6,4.4,29.5,14,56
93.851,23.184,2006,3,25,5.1,61,20,13
92.242,26.788,2006,3,25,4.8,10,5,51
94.565,23.975,2006,3,24,3.9,35,4,7
94.073,24.685,2006,3,21,4.4,46.4,7,29
94.526,24.268,2006,3,2,4.9,77.9,17,16
91.458,26.859,2006,2,24,3.8,10,4,45
92.415,26.385,2006,2,24,3.8,10,2,36
91.518,26.773,2006,2,23,3.6,10,23,49
91.681,26.911,2006,2,23,4.2,10,20,44
91.494,26.78,2006,2,23,4.2,10,20,36
91.809,26.83,2006,2,23,3.9,10,20,22
91.632,26.863,2006,2,23,5.2,10,20,7
91.705,26.912,2006,2,23,5.8,10,20,4
94.204,24.361,2006,2,16,4.5,84.2,7,1
91.634,23.889,2006,2,12,4.2,50.1,4,54
92.145,27.233,2006,2,11,4.7,49.3,5,4
94.474,23.056,2006,1,27,4.2,54.5,23,58
94.908,23.848,2006,1,21,3.7,35,22,35
95.284,24.688,2006,1,9,3.7,149.2,1,28
90.384,25.732,2005,12,31,4.2,35,6,31
96.197,25.01,2005,12,29,5.1,12,7,20
93.991,24.783,2005,12,27,4.7,86.5,16,19
92.313,25.961,2005,12,12,4.3,35,7,12
94.289,25.43,2005,11,22,4.5,10,15,28
96.379,26.466,2005,11,18,4.8,90.7,18,56
93.038,25.46,2005,11,11,3.7,51.8,23,18
94.271,22.808,2005,10,29,0,89.2,17,29
95.325,24.796,2005,10,28,3.8,138.9,15,33
96.05,25.568,2005,10,22,5,102.8,13,45
95.346,24.239,2005,10,14,3.9,148,0,13
95.557,25.878,2005,10,9,3.6,97.4,19,14
95.692,25.374,2005,10,9,4,82.7,18,41
94.781,24.561,2005,9,18,5.7,84,7,25
90.529,25.881,2005,9,12,4.2,35,16,59
94.324,24.307,2005,9,4,0,61.8,11,42
94.24,23.764,2005,9,2,3.8,59.8,15,36
94.859,24.592,2005,9,1,0,35,7,26
94.547,23.191,2005,8,24,3.9,98.8,20,32
93.809,22.779,2005,8,17,4.3,47.4,6,25
91.406,23.273,2005,7,26,4,38.1,18,27
92.235,23.061,2005,7,21,4.2,10,12,45
92.157,22.936,2005,7,21,4.6,10,11,40
93.388,26.413,2005,7,17,4.8,26.1,6,12
96.258,25.746,2005,6,24,0,87,10,31
93.139,26.478,2005,6,24,4.3,54.2,1,46
94.543,22.546,2005,6,20,4.4,88.6,18,22
95.691,26.072,2005,6,14,4.9,83.7,11,37
96.249,26.454,2005,6,12,4.1,91.3,3,42
94.385,22.653,2005,6,5,0,93.3,21,40
96.285,25.202,2005,6,3,0,78,13,34
92.423,26.934,2005,5,29,4.3,56,10,46
95.736,23.133,2005,5,27,4.4,10,14,58
92.331,22.845,2005,5,24,4.2,24.6,21,6
91.059,25.764,2005,5,3,4.3,33.6,0,38
95.676,24.98,2005,5,2,0,10,8,57
92.679,23.325,2005,5,1,0,37,18,36
96.246,26.741,2005,4,30,3.9,87.7,2,41
94.478,23.707,2005,4,19,4.5,90.1,14,4
94.549,24.345,2005,4,2,3.5,90.8,1,55
94.842,25.477,2005,3,25,5.2,67.2,13,34
95.285,26.08,2005,3,23,4.9,68.9,5,59
94.609,24.552,2005,3,11,3.7,80.1,16,39
90.486,27.336,2005,3,11,4.4,52.6,5,8
94.716,23.553,2005,3,1,4,123.1,15,16
94.528,22.938,2005,2,28,4,116.8,13,54
91.553,25.371,2005,2,27,4.2,24.9,18,32
94.552,23.614,2005,2,22,4.4,94.8,7,46
95.019,25.473,2005,2,21,4.2,76.3,23,7
96.439,25.204,2005,2,21,3.8,53.4,18,26
94.537,24.428,2005,2,15,5.2,69.7,13,5
92.524,24.55,2005,2,15,5,35.2,11,15
94.329,22.97,2005,2,8,4.4,97.3,1,36
95.563,26.125,2005,2,3,4.9,75.5,20,13
92.724,27.443,2005,1,21,3.7,55.9,13,50
92.661,27.415,2005,1,21,3.5,52.2,13,25
94.699,22.969,2005,1,18,4.9,104.7,3,2
94.8,23.583,2005,1,7,4.4,129,3,53
96.603,25.434,2005,1,6,4.7,44.2,14,19
94.78,24.577,2004,12,20,0,79.1,8,17
92.539,24.757,2004,12,9,5.4,34.7,8,49
92.429,24.41,2004,12,7,4.3,72.2,1,57
90.944,27.329,2004,11,24,4,10,22,35
92.076,27.274,2004,11,12,4,45,1,59
93.714,24.092,2004,11,5,4.7,56.2,21,15
94.484,23.387,2004,11,4,4.4,110,10,2
92.584,26.442,2004,11,2,4.2,48.3,8,23
93.148,23.509,2004,11,2,4.2,51.5,0,48
94.786,23.909,2004,10,31,3.8,129.2,22,42
94.19,24.318,2004,10,31,4.2,81.8,12,26
95.177,24.919,2004,10,27,3.8,135.5,23,50
96.203,24.869,2004,10,12,4.2,48.3,2,17
95.489,25.515,2004,10,11,0,109.6,13,38
94.298,24.304,2004,10,8,4.9,69.3,21,48
95.775,25.314,2004,10,8,4.7,56.5,6,28
95.143,24.986,2004,10,1,4.1,99.6,20,24
92.149,26.134,2004,9,27,4.2,37.4,2,23
93.59,23.763,2004,9,24,3.6,90.3,14,33
96.34,27.463,2004,9,24,4.4,70.8,4,19
96.128,26.432,2004,9,22,3.8,70.5,23,59
93.313,23.866,2004,9,18,4.6,40.8,12,37
93.154,23.779,2004,9,17,4.3,47.4,0,16
93.352,23.888,2004,9,10,4.3,59.4,18,0
96.261,26.745,2004,9,3,0,80,11,26
96.433,27.151,2004,8,28,0,74.7,10,6
94.235,23.383,2004,8,24,4.6,79.9,0,16
94.646,23.422,2004,8,23,4.2,89.5,13,7
95.624,23.619,2004,8,13,4.2,27.6,15,17
93.923,23.269,2004,8,12,4,71,18,58
94.455,23.925,2004,8,11,4,97.5,20,40
91.797,27.58,2004,8,9,4.1,16.1,8,18
94.363,22.691,2004,8,7,4.2,94.5,10,27
96.423,27.413,2004,8,4,0,37,17,26
90.262,25.923,2004,8,4,4.2,61.7,2,9
95.357,25.215,2004,7,24,4.1,57.8,6,29
95.839,23.892,2004,7,18,3.9,22.4,21,46
96.604,25.406,2004,7,15,4.3,48.2,22,45
94.374,24.003,2004,7,14,0,133.8,20,14
92.784,26.208,2004,7,13,4.2,71.5,19,31
94.414,24.942,2004,7,11,3.9,71.7,19,43
93.948,24.374,2004,7,1,0,103.4,17,16
96.457,26.54,2004,6,28,4.7,89.4,8,18
95.668,25.727,2004,6,25,0,63.8,23,3
95.575,25.283,2004,6,19,4.6,47.3,10,24
94.744,24.394,2004,6,19,4.6,95.3,7,55
89.653,24.67,2004,6,16,0,10,23,36
96.163,26.242,2004,6,15,4.5,35.9,4,53
94.552,23.379,2004,6,14,4.6,93.8,11,38
95.12,25.212,2004,6,3,4.8,103,13,1
93.577,22.741,2004,5,24,4.5,163,2,34
95.19,24.685,2004,5,24,4.6,104,1,39
94.693,24.41,2004,5,21,0,105.5,6,15
94.22,23.276,2004,5,16,4.5,102.4,4,57
94.055,24.305,2004,5,14,0,82.8,4,16
93.438,25.228,2004,5,12,4.5,57.9,20,26
94.159,23.035,2004,5,10,0,60,9,21
94.18,23.272,2004,5,2,4,83,1,14
94.256,23.342,2004,5,1,0,91.7,19,11
94.022,22.985,2004,4,24,0,105,13,54
95.249,24.696,2004,4,13,4.7,128.9,21,10
96.354,25.673,2004,4,12,0,47.7,4,43
95.111,24.636,2004,4,9,4.3,121.6,10,27
96.644,26.447,2004,4,6,0,94.5,6,14
95.471,25.269,2004,3,27,4.1,113.9,18,28
94.616,23.624,2004,3,25,4.1,102,12,57
94.855,24.489,2004,3,24,4.1,142.6,10,56
94.792,23.593,2004,3,20,4.8,81.7,19,20
94.065,23.513,2004,3,14,4.2,42.6,19,43
96.512,24.863,2004,2,19,4.3,47.2,9,31
89.563,27.081,2004,2,17,0,10,2,4
96.564,26.504,2004,2,2,4.4,108.7,12,42
94.393,23.595,2004,1,19,0,85.4,1,42
91.897,26.358,2004,1,12,3.9,38,0,16
92.036,26.509,2004,1,12,0,41.7,0,2
94.211,23.11,2004,1,3,4.3,93,15,44
96.578,25.35,2003,12,30,4.5,33,20,59
92.322,22.851,2003,12,19,0,33,15,30
94.455,24.084,2003,12,6,0,33,15,24
90.25,25.596,2003,12,6,4.4,26.7,9,53
90.392,25.787,2003,12,2,3.8,23.1,21,14
93.216,25.696,2003,11,29,4.2,35.5,18,34
95.352,24.806,2003,11,19,4.3,137.6,10,52
95.873,24.592,2003,11,18,0,33,12,34
93.862,22.751,2003,11,17,0,33,15,43
94.248,22.966,2003,11,11,4.4,91.1,20,11
93.664,23.63,2003,11,8,4.9,33,5,58
96.419,25.324,2003,11,3,0,33,19,27
95.93,26.037,2003,10,29,4.7,70.9,10,2
94.86,24.618,2003,10,15,0,118.5,18,20
94.861,25.091,2003,10,15,4,110.3,9,10
94.128,23.521,2003,10,12,4,44.2,21,33
94.692,24.392,2003,9,13,0,84.1,20,57
93.045,24.874,2003,9,1,0,33,5,53
92.92,24.821,2003,8,31,4.2,33,16,48
95.724,23.683,2003,8,30,4.7,33,5,57
93.499,22.876,2003,8,27,4.5,53.6,1,44
93.642,24.94,2003,8,26,4.5,45.3,20,54
94.95,24.806,2003,8,24,4.6,86.1,19,7
96.499,25.034,2003,8,24,4.4,40.1,14,46
96.727,25.576,2003,8,19,0,33,1,53
92.35,22.837,2003,8,1,4.7,10,3,19
96.004,26.213,2003,7,29,4.7,63.5,6,25
92.358,22.841,2003,7,27,4.4,10,14,33
92.343,22.825,2003,7,27,5.5,10,12,7
92.035,22.601,2003,7,27,4.2,10,11,0
92.168,22.743,2003,7,27,4.3,10,7,32
92.06,22.544,2003,7,27,4.3,10,0,17
92.306,22.854,2003,7,26,5.7,10,23,18
89.66,26.083,2003,7,5,0,33,19,41
93.544,22.55,2003,6,30,0,33,0,7
94.395,24.154,2003,6,9,0,154.9,14,43
93.794,23.236,2003,6,4,4.8,67.8,13,16
91.269,27.078,2003,6,2,0,33,15,14
92.353,26.797,2003,5,30,3.9,47.6,10,27
92.772,27.272,2003,5,29,4.1,76.1,0,33
92.81,27.182,2003,5,23,0,33,2,27
93.619,23.325,2003,5,20,4,67.3,10,41
93.193,26.128,2003,4,8,4.6,40.5,16,55
94.245,23.116,2003,4,2,4.2,67.9,20,50
93.996,22.769,2003,3,31,0,76.7,7,23
91.827,26.528,2003,3,31,3.9,57.7,5,32
95.135,25.239,2003,3,18,4.5,104.4,8,20
94.388,24.25,2003,3,15,4,73.2,3,59
94.26,23.523,2003,3,10,4,100,3,40
94.831,24.104,2003,1,20,4,33,20,37
96.292,26.478,2003,1,1,4.1,98,16,52
95.171,24.654,2002,12,28,4,127.9,10,57
93.981,23.235,2002,12,25,4,71.4,12,14
96.699,27.152,2002,12,2,3.9,80,10,1
92.639,27.552,2002,11,14,4.6,61,2,59
94.718,24.511,2002,11,12,4.2,109.7,0,32
93.939,22.554,2002,11,1,4.2,73.1,20,5
91.772,24.692,2002,10,14,4.9,33,13,27
93.84,22.996,2002,10,11,4.8,74,11,2
95.334,24.786,2002,10,5,4.2,184.8,12,14
94.637,24.368,2002,10,5,4.3,43.8,5,18
93.911,23.176,2002,9,27,4.8,62,15,20
96.19,26.605,2002,9,10,4.1,100.1,1,27
96.459,26.85,2002,8,24,3.8,33,18,11
92.86,27.287,2002,8,20,4.4,86.1,8,46
94.926,24.683,2002,8,16,3.9,139.5,16,32
94.542,24.749,2002,7,22,3.9,74,12,26
92.139,25.091,2002,7,20,4.3,33,7,37
93.901,23.518,2002,7,14,4.6,79.5,2,17
94.225,23.92,2002,7,14,4.7,65.4,1,15
92.105,26.338,2002,7,10,3.8,37.4,14,31
94.655,22.911,2002,7,4,4.6,113.7,1,3
95.305,24.849,2002,6,7,4,148.2,18,30
96.127,23.942,2002,5,26,4.5,33,6,9
91.847,22.59,2002,5,5,4.5,33,4,54
94.886,24.648,2002,4,17,4.3,33,20,17
93.041,26.514,2002,3,27,4.5,43.7,16,49
92.234,25.178,2002,3,12,4.1,33,7,33
96.41,26.276,2002,1,17,4.5,96,14,42
91.887,27.336,2002,1,12,3.9,59.5,10,1
94.762,25.297,2001,12,24,4.4,100,5,49
90.376,23.632,2001,12,19,4.5,10,7,54
91.919,27.268,2001,11,6,5.2,33,14,9
92.985,26.273,2001,10,26,4.5,10,8,22
94.69,22.785,2001,10,25,4.3,125.8,17,5
93.356,23.58,2001,10,7,4.8,43,13,56
94.736,24.384,2001,9,23,4.1,33,14,47
93.221,26.324,2001,9,11,4,33,2,8
95.936,26.641,2001,8,31,4.5,51.2,6,30
92.201,27.083,2001,8,29,4.3,50.1,19,26
94.551,23.626,2001,8,21,4.1,110.6,16,41
92.109,24.391,2001,8,12,4.6,33,13,17
94.992,24.432,2001,8,12,5.1,121.4,1,57
96.346,26.432,2001,8,7,4.5,111.7,21,21
96.659,24.928,2001,8,1,4.3,33,3,3
95.439,24.836,2001,6,30,4.6,160.6,0,21
93.685,23.256,2001,6,29,4.7,52.4,12,14
92.634,26.356,2001,6,20,4.3,60.5,14,44
94.922,23.474,2001,6,13,4.6,51.6,7,55
95.126,25.411,2001,5,26,4.7,84.5,14,51
92.936,26.458,2001,5,18,4,33,19,26
94.178,23.186,2001,5,16,4.7,33,16,17
94.983,23.708,2001,5,13,4,131.5,15,55
91.489,26.09,2001,4,27,4.1,33,12,28
94.776,24.749,2001,4,26,4.8,23.4,21,1
90.595,25.878,2001,4,20,4.5,33,18,35
91.598,24.028,2001,4,18,3.9,10,20,47
91.89,22.848,2001,4,14,4.1,33,5,59
95.042,24.627,2001,4,10,5.3,113.4,22,8
92.69,26.385,2001,4,6,4.4,42.7,3,32
95.097,24.848,2001,4,5,3.8,120.4,11,3
93.695,23.896,2001,3,3,5.2,55.3,22,55
90.616,26.486,2001,2,27,4.9,20.2,1,46
92.143,24.742,2001,2,11,4.2,38.7,1,20
94.342,23.021,2001,1,28,3.2,80.9,11,55
92.491,27.439,2001,1,24,4.3,20.9,23,57
94.429,23.224,2000,12,22,3.7,121.6,17,54
94.595,23.424,2000,12,14,3.9,75.5,9,0
94.681,24.004,2000,12,5,4.8,33,9,53
94.853,24.633,2000,11,15,4,33,6,18
91.426,25.376,2000,11,9,4.2,37.5,17,31
94.863,23.866,2000,10,11,5.6,116.5,9,42
91.496,26.275,2000,9,17,4,33,19,46
94.448,24.334,2000,8,29,3.9,33,14,51
92.416,26.535,2000,8,16,4.4,33,23,6
94.742,24.67,2000,8,13,4.3,65.8,14,59
95.139,25.648,2000,7,20,4.3,92.6,5,54
92.304,27.071,2000,7,17,4.3,33,6,52
94.686,24.51,2000,7,2,5.2,82.5,4,27
94.065,24.866,2000,6,28,4.1,33,8,16
94.414,25.381,2000,5,11,4.3,58.7,16,51
94.812,23.962,2000,5,3,4.4,33,15,42
95.016,25.815,2000,4,22,4.4,74.3,15,41
93.009,26.145,2000,4,21,4,33,6,35
92.443,24.671,2000,4,16,3.8,33,11,40
94.712,24.7,2000,3,30,4.2,65.9,15,12
93.915,22.634,2000,3,28,4.4,33,18,59
94.878,23.999,2000,3,28,4.4,118.8,16,40
95.139,25.18,2000,3,18,4.7,116.1,16,38
91.89,26.684,2000,3,17,4.1,33,15,44
94.566,22.76,2000,3,3,4.5,132.4,17,24
94.196,23.07,2000,2,27,5.1,74,17,21
92.492,27.566,2000,1,26,4.3,33,21,11
92.018,27.208,2000,1,25,4.3,33,16,37
92.498,27.559,2000,1,2,5,33,10,23
94.66,24.76,1999,12,26,3.7,90.9,2,44
94.717,24.178,1999,12,22,4.6,96.7,0,28
95.239,24.797,1999,10,19,4.3,145.4,17,34
91.926,26.398,1999,10,9,4.2,40.9,1,39
94.759,23.751,1999,10,6,4.3,126.6,10,23
91.926,26.26,1999,10,5,5.2,33,17,4
94.685,23.401,1999,9,9,3.9,136.2,0,25
93.435,25.771,1999,7,28,4.2,72.8,17,55
93.805,23.036,1999,7,5,4.4,54.3,21,44
91.806,26.796,1999,6,26,4.4,51.6,21,36
92.779,26.204,1999,6,20,4.3,33,1,14
94.604,24.16,1999,6,19,4.2,120,12,21
95.123,25.147,1999,6,9,4.2,121.8,15,21
94.815,23.442,1999,5,25,4.1,135.1,8,9
92.788,26.307,1999,5,11,4.4,33,16,39
94.134,25.409,1999,4,30,4.3,33,3,39
93.673,25.617,1999,4,15,4.6,43.6,6,48
93.972,24.574,1999,4,14,4.4,58.1,6,9
96.474,26.607,1999,4,7,4.5,100,17,17
93.678,24.908,1999,4,5,5.6,66.4,22,32
94.317,25.635,1999,3,11,4.5,105.7,22,12
93.722,23.307,1999,2,22,5,65,11,37
93.662,26.414,1999,2,21,4,33,21,4
94.673,25.362,1999,2,19,4.2,105.3,9,45
92.725,26.495,1999,1,20,4.5,33,7,58
96.473,26.682,1999,1,20,4.5,85.9,2,13
94.905,23.732,1999,1,7,4.3,145.1,10,15
94.686,22.633,1999,1,5,4.1,155.7,21,17
93.499,26.345,1998,12,2,5,33,13,25
95.156,25.028,1998,12,2,4.3,135.8,1,4
94.634,26.377,1998,11,24,4.1,60.2,16,22
96.373,24.686,1998,11,17,4.3,100,15,30
94.801,22.943,1998,11,14,4,33,6,14
94.683,23.743,1998,10,16,5.4,101.2,0,5
96.001,24.012,1998,9,13,4.6,33,0,14
90.977,27.555,1998,8,18,5.2,22.3,4,10
94.403,23.239,1998,8,16,3.8,122.4,19,46
96.526,25.376,1998,8,10,4.4,33,12,34
94.582,23.606,1998,8,4,4.3,33,5,50
93.548,24.219,1998,7,27,4.8,58.4,19,3
94.496,22.849,1998,7,17,4.6,100,21,13
91.027,27.325,1998,7,8,5.2,33,3,44
94.718,22.982,1998,6,30,4.6,116.9,8,0
93.821,23.813,1998,6,19,4.1,100,3,54
95.109,25.035,1998,6,18,4,127.9,23,13
95.311,24.932,1998,5,2,5.5,121.5,8,36
94.777,25.064,1998,4,23,3.7,33,21,37
96.617,25.163,1998,4,15,4,33,18,46
96.68,25.341,1998,4,15,3.8,33,18,36
95.018,24.987,1998,4,14,4.1,33,8,42
95.255,25.158,1998,4,10,3.9,100,4,59
89.684,26.916,1998,3,16,3.8,33,10,35
95.1,25.21,1998,3,11,4.5,97.6,15,34
94.478,24.539,1998,3,6,4.7,66.5,12,50
94.521,23.592,1998,3,1,4.3,100,15,12
96.156,27.161,1998,2,21,3.9,100,9,48
94.166,23.098,1998,2,18,4.7,45.3,9,2
94.734,23.571,1998,2,16,4.3,96.7,7,29
94.771,23.403,1998,2,5,4.1,99.8,6,36
91.839,26.045,1998,1,6,4.5,33,3,9
94.499,23.211,1998,1,2,4.6,113.7,21,12
96.609,25.384,1997,12,30,5.8,33,13,43
96.571,25.362,1997,12,30,4.7,33,11,54
94.935,23.708,1997,12,29,4.4,100,9,8
96.237,26.43,1997,12,28,4,100,12,22
95.164,25.108,1997,12,2,4.2,100,11,6
96.064,26.192,1997,11,23,4.7,54.7,12,57
93.878,23.136,1997,11,20,4.5,59.9,20,55
95.194,26.423,1997,11,11,4,102.5,3,47
96.033,26.301,1997,11,8,4.5,118.2,16,40
93.502,23.929,1997,10,26,4.8,70,0,55
93.333,24.962,1997,10,8,4.5,52.3,3,2
94.917,25.235,1997,9,28,4.6,128.7,14,32
94.29,23.056,1997,9,27,4,90.9,10,43
96.642,25.543,1997,9,8,3.8,33,17,5
94.495,24.485,1997,9,4,4.4,100,2,2
94.871,23.841,1997,8,23,3.6,200,20,31
95.038,24.826,1997,8,18,4.3,102.1,6,37
92.185,25.632,1997,8,6,4.9,41.3,8,58
94.722,24.385,1997,8,5,4.3,100,23,48
90.979,23.2,1997,8,5,4.1,33,15,59
93.101,23.856,1997,7,31,4.5,33,20,8
93.159,23.887,1997,7,31,5.3,33,15,59
95.723,26.075,1997,7,24,4.5,92.2,23,19
91.793,26.811,1997,7,18,5,46.9,19,39
94.554,22.778,1997,7,5,4,100,8,54
95.289,24.864,1997,7,1,3.9,150,11,55
96.15,26.43,1997,6,24,4.2,33,17,53
93.959,25.088,1997,5,19,4.4,65.9,15,32
92.25,24.894,1997,5,8,6,34.9,2,53
96.202,26.521,1997,4,25,4.5,100,1,45
94.948,23.433,1997,4,21,4.6,120.3,14,22
94.592,22.672,1997,4,15,4.9,119.6,0,13
94.459,22.574,1997,4,14,5.3,96.6,17,53
92.417,27.217,1997,3,10,4.5,33,17,55
92.71,27.382,1997,3,10,4.4,33,17,50
94.983,22.898,1997,2,19,4.8,33,1,35
94.929,22.846,1997,2,18,4.7,33,21,13
94.402,23.861,1997,2,15,4.3,101.9,14,21
94.569,24.166,1997,2,9,4.3,100,23,41
96.522,25.312,1997,2,2,3.8,62.6,14,30
94.385,24.941,1997,1,30,4.1,100,15,55
93.622,23.03,1997,1,10,4.2,100,21,22
93.957,22.57,1996,12,18,3.8,33,5,3
94.163,22.871,1996,12,17,4.3,33,23,40
94.029,23.5,1996,12,15,4.5,71.4,20,58
94.995,25.285,1996,12,10,4.7,105.2,12,8
96.202,25.15,1996,12,5,3.6,149.7,1,40
92.573,26.72,1996,11,24,4.5,33,0,52
93.373,26.543,1996,11,19,4,47.1,10,37
92.641,24.498,1996,11,19,5.4,49.7,0,12
95.16,24.255,1996,11,17,4.9,136.8,22,48
94.309,22.855,1996,10,31,4.4,99.4,4,47
91.759,25.384,1996,10,25,3.8,61,18,31
93.992,23.049,1996,9,30,4,33,17,47
94.048,23.217,1996,9,30,4.2,33,16,4
93.905,24.192,1996,9,21,4,100,0,9
96.645,25.514,1996,9,14,4.5,33,2,24
92.492,27.007,1996,9,12,4.6,48.9,18,4
92.616,27.454,1996,9,11,4.6,33,23,14
96.389,24.831,1996,9,8,4.6,33,17,31
94.227,23.716,1996,9,6,4,33,23,43
94.988,24.119,1996,8,20,4.4,120,8,30
90.156,25.875,1996,8,18,4.4,17.8,2,48
94.973,24.42,1996,8,16,4.1,33,23,39
95.299,24.713,1996,8,10,4.2,33,22,43
95.54,25.35,1996,8,6,3.9,100,6,21
95.279,24.898,1996,8,6,4.5,125,3,4
93.064,26.419,1996,8,4,4.3,33,13,51
95.465,25.938,1996,7,28,4.5,90.9,14,26
94.14,23.653,1996,7,28,4.7,56.8,7,8
96.253,25.169,1996,7,26,5.4,33,13,9
90.992,23.818,1996,7,26,3.9,33,12,47
91.935,26.039,1996,7,17,4.3,33,5,23
92.105,27.007,1996,7,12,4.5,33,12,38
94.677,24.068,1996,6,30,4.6,50.6,23,42
92.211,27.048,1996,6,27,4.2,33,16,21
94.166,23.107,1996,6,27,4.3,41.7,11,58
94.579,22.769,1996,6,18,4.3,110.1,17,32
94.048,23.45,1996,5,31,3.7,82.8,18,38
92.77,26.794,1996,5,21,4.2,33,19,51
92.397,26.551,1996,5,14,4.6,36.8,19,5
94.765,22.8,1996,5,11,4.3,127.7,7,57
94.441,24.342,1996,5,7,3.6,105.3,22,28
94.924,25.187,1996,4,28,4,96.2,8,17
95.197,24.822,1996,4,25,4.6,117.7,19,37
96.714,24.026,1996,4,10,4.1,33,4,13
94.065,22.695,1996,3,20,4.3,129.2,18,40
96.418,24.946,1996,3,19,4.4,33,10,48
94.362,23.175,1996,3,9,3.9,33,1,40
95.03,24.649,1996,3,6,3.8,99.6,5,24
92.96,26.48,1996,3,5,4.1,33,9,27
96.337,24.385,1996,3,4,3.9,33,2,30
90.687,26.138,1996,2,17,4.3,50,6,59
95.141,24.27,1996,2,11,4.3,147.4,11,56
94.675,23.437,1996,2,8,4.6,124.3,21,38
93.328,23.835,1996,2,8,4.3,33,15,54
94.084,22.833,1996,1,28,4.5,120,13,49
94.601,23.891,1996,1,18,4,33,0,19
95.022,24.681,1996,1,9,4.3,113.4,19,45
96.059,26.852,1995,12,12,5.1,33,5,42
91.563,24.735,1995,12,6,4.1,39.4,0,50
92.01,27.26,1995,12,4,4.6,62.3,17,54
94.599,24.397,1995,12,1,4,100,23,27
92.237,26.195,1995,12,1,4.4,57.6,20,9
91.815,24.206,1995,12,1,4,20,2,28
93.083,23.867,1995,11,18,4.5,33,3,41
94.456,22.823,1995,10,19,4.3,91.2,22,42
96.356,26.256,1995,10,2,4.2,116.7,20,42
91.601,26.769,1995,9,29,4.4,33,9,47
96.625,25.396,1995,9,20,4.8,17.6,17,26
96.68,27.094,1995,9,5,4.3,33,16,19
95.047,25.304,1995,8,30,4.3,56,6,19
95.237,24.985,1995,8,21,3.8,114.7,17,52
94.486,24.421,1995,8,13,4.4,82.3,22,15
90.202,26.223,1995,8,8,4.4,28.1,16,52
92.647,26.94,1995,7,30,4.3,33,12,54
94.541,22.969,1995,7,30,4.5,109.1,2,1
92.305,23.092,1995,7,20,4.3,33,20,6
95.139,24.801,1995,7,19,4.3,119.9,18,10
94.527,24.215,1995,7,11,4.3,163.2,19,28
94.047,23.277,1995,7,5,4.3,33,9,33
92.42,27.361,1995,7,3,4.7,33,0,59
96.342,26.209,1995,6,27,4.6,33,5,48
94.64,23.632,1995,6,26,4.5,116,7,21
94.105,23.112,1995,6,17,4.9,33,21,9
94.532,23.858,1995,6,7,4.6,86.1,17,27
95.659,27.141,1995,5,30,4.9,33,23,43
95.254,25.055,1995,5,21,4.9,107.5,21,37
94.51,22.785,1995,5,13,4.5,108.7,6,35
95.421,24.17,1995,5,10,3.8,100,0,51
95.155,25.29,1995,5,9,5.2,91.8,9,54
95.059,24.839,1995,5,8,4.7,117.5,23,25
95.142,24.905,1995,5,6,4.5,120.4,2,30
95.294,24.987,1995,5,6,6.4,117.5,1,59
95.014,25.325,1995,5,4,4.5,164.6,13,26
95.307,24.809,1995,4,28,4.4,136.9,8,3
94.771,24.671,1995,4,21,4.4,43.5,22,1
94.579,24.468,1995,4,10,4.3,33,9,34
94.607,24.44,1995,4,9,4.6,38.6,10,16
96.107,25.086,1995,4,4,4.7,20,5,46
94.273,24.655,1995,3,29,4.6,33,2,46
94.246,23.829,1995,3,11,4.4,135.7,12,23
96.72,25.97,1995,3,4,3.8,33,0,2
96.193,26.103,1995,2,10,4,93.4,5,43
95.109,25.065,1995,2,8,4.4,69.6,16,31
94.335,24.089,1995,1,27,4.2,52,19,27
93.581,24.124,1995,1,17,4.7,61.5,11,18
96.192,24.995,1994,11,22,4.2,96.9,0,16
96.657,25.54,1994,11,21,5.9,14,8,16
95.311,24.846,1994,11,2,4.8,144.1,9,51
92.295,27.136,1994,10,25,4.9,33,7,29
92.361,27.168,1994,10,24,4.2,33,16,6
94.497,24.163,1994,10,18,4.8,92.2,20,45
94.639,24.21,1994,10,18,4.5,86.9,17,0
90.647,25.63,1994,9,28,4,10,4,4
94.564,24.805,1994,9,3,4.7,86.3,15,46
95.2,24.721,1994,8,8,6.1,121.7,21,8
92.522,26.651,1994,8,5,4.8,33,11,19
92.641,25.018,1994,7,24,4.7,33,23,39
92.282,24.375,1994,6,9,4.4,33,22,53
94.961,25.21,1994,6,2,4.5,102.3,13,26
92.868,22.916,1994,6,1,4.4,33,2,15
94.494,24.585,1994,5,28,4.7,98.8,7,12
94.987,25.474,1994,5,17,4,33,9,2
93.609,26.382,1994,5,6,4.3,33,17,52
94.548,24.802,1994,5,5,5,76.3,10,43
95.643,25.895,1994,5,5,4.8,104,6,4
92.955,26.3,1994,4,18,3.7,33,14,40
90.488,25.927,1994,4,15,4.2,33,14,28
95.539,24.978,1994,4,14,5,182.9,17,32
94.788,24.639,1994,4,9,5.1,90.3,11,19
96.508,26.687,1994,3,29,4.5,94.4,6,54
96.025,24.541,1994,3,27,4.6,33,14,31
91.27,26.371,1994,3,24,4.3,33,13,51
94.723,24.643,1994,1,29,4.5,93.7,18,28
93.513,25.17,1994,1,20,4.7,33,23,30
96.584,27.012,1994,1,5,4.1,33,6,15
95.939,26.37,1994,1,4,4.5,88.1,16,51
94.361,24.414,1993,12,22,4.6,132.5,4,9
94.017,23.194,1993,12,15,4.1,130.9,1,2
92.076,27.263,1993,12,12,4.9,33,23,34
96.504,25.955,1993,12,9,4.7,33,18,26
95.794,24.868,1993,12,2,4.9,33,22,4
94.703,24.385,1993,11,17,4.1,112.5,19,26
96.326,25.147,1993,10,2,4,33,23,4
94.212,23.503,1993,9,6,4.7,84.8,20,14
95.878,23.082,1993,8,27,4.4,33,11,45
95.665,26.089,1993,8,17,4.3,105.7,22,56
93.567,22.812,1993,8,2,4.8,74.5,14,41
93.888,23.144,1993,7,14,4.7,68.9,4,49
95.595,24.558,1993,6,24,4.3,33,21,59
92.616,27.529,1993,6,23,4.6,33,17,19
93.301,26.795,1993,5,28,4.6,33,14,20
95.797,24.471,1993,5,1,4,39.6,13,45
95.952,24.622,1993,4,19,4.3,33,2,46
96.479,26.519,1993,4,14,4.6,22.8,20,4
94.697,24.598,1993,4,14,4.3,125.4,6,18
96.232,26.36,1993,4,13,4.3,85.5,20,47
94.126,23.926,1993,4,11,4.6,74.5,5,34
96.576,24.815,1993,4,2,4.4,33,21,9
94.445,23.149,1993,4,1,4.6,91.3,18,41
94.498,23.232,1993,4,1,5.1,104.7,16,30
95.1,24.68,1993,3,27,5,114.7,9,42
94.209,23.93,1993,3,18,4.6,92.5,23,0
95.833,23.437,1993,3,17,4.1,33,13,37
90.23,25.419,1993,3,3,4.5,33,5,17
92.805,26.258,1993,2,17,4.2,27.7,23,27
94.378,22.711,1993,2,17,4.4,125.2,2,28
92.337,23.507,1993,2,12,4.3,33,12,44
94.428,23.048,1993,2,4,3.7,133.5,3,23
93.731,24.076,1993,1,27,4.1,64.8,0,39
95.662,25.79,1993,1,23,4.5,108.7,9,39
94.778,23.157,1993,1,1,4.3,95.5,23,49
95.34,25.209,1992,12,22,4,33,0,19
92.562,23.444,1992,12,16,4.1,33,14,38
91.414,25.473,1992,12,12,5,40.7,14,20
94.499,22.725,1992,11,11,4.4,88.2,23,9
95.926,23.733,1992,10,30,4.7,33,13,32
95.164,24.792,1992,10,24,4.3,33,15,19
94.353,24.376,1992,10,4,4.4,60,21,18
93.149,23.388,1992,9,21,4.8,32.9,12,17
94.999,24.554,1992,9,6,4.5,122.2,23,7
93.541,22.576,1992,8,21,4.3,33,21,57
91.912,25.394,1992,8,8,4.3,49.5,12,7
92.218,26.543,1992,7,30,4,33,9,14
94.594,24.253,1992,7,2,3.8,154.5,22,10
95.95,22.949,1992,6,23,4.5,33,3,34
94.869,22.996,1992,6,15,4.2,71.1,3,57
95.932,24.027,1992,6,15,6.3,17.3,2,48
93.503,22.574,1992,6,14,4.1,67.6,14,19
92.741,26.992,1992,6,14,3.6,33,11,12
94,23.13,1992,6,8,4.6,117.3,2,39
93.903,24.633,1992,6,4,3.9,50,19,44
94.66,22.928,1992,5,28,4.6,90,14,8
92.024,23.184,1992,5,28,4.5,33,9,53
94.137,22.547,1992,5,27,4.6,33,2,47
93.89,23.62,1992,5,9,4.3,60.3,12,59
91.117,23.902,1992,5,3,4.2,33,21,11
90.569,25.842,1992,4,20,4.2,54.7,19,22
92.077,27.256,1992,4,20,4.6,33,18,50
95.229,26.676,1992,4,20,4.6,47.4,7,29
94.898,24.315,1992,4,15,5.7,116.1,1,32
95.231,24.874,1992,3,25,5.2,106,22,32
94.043,22.941,1992,3,24,4.7,129.4,2,2
95.613,25.971,1992,3,22,4.3,33,14,28
94.713,23.218,1992,3,8,4.6,83,11,25
94.573,23.414,1992,3,1,4,83.7,15,37
92.225,25.195,1992,2,25,5,33,1,57
93.592,22.736,1992,1,30,4.2,73,17,54
92.557,24.439,1992,1,13,4.5,33,18,36
93.103,24.72,1991,12,20,5.4,40.7,2,6
94.601,23.768,1991,12,14,4.4,96.9,7,4
93.913,24.059,1991,12,7,5.1,69,13,57
93.986,24.015,1991,12,4,5.5,72.1,3,27
96.446,26.642,1991,11,21,4.9,83.8,4,7
93.222,24.731,1991,11,17,4.6,58.6,5,17
94.848,23.604,1991,11,17,4.3,33,3,39
93.005,26.377,1991,11,11,4.4,33,13,42
94.144,22.552,1991,11,9,4.2,101.6,11,28
94.416,22.728,1991,9,30,4.7,75.4,18,35
92.211,26.323,1991,9,19,4.7,33,4,23
93.976,24.252,1991,9,7,4.9,33,3,0
90.837,24.608,1991,9,2,4.7,33,17,20
91.33,25.03,1991,8,22,4.7,33,3,53
95.859,23.888,1991,8,4,4.7,42.6,12,38
95.12,24.563,1991,7,29,4.6,119.4,0,40
95.259,25.149,1991,7,19,4.8,121,7,5
94.478,23.263,1991,6,25,4,104.1,6,8
93.187,26.637,1991,6,23,5.3,33.2,10,4
94.364,24.649,1991,5,28,4.7,142.3,20,4
95.17,25.263,1991,5,25,4.6,85.8,17,7
96.237,26.456,1991,5,11,4.9,107.1,17,34
93.705,24.249,1991,5,11,5.4,62.7,2,15
95.813,23.179,1991,4,21,4.1,33,6,57
93.807,23.925,1991,4,15,3.5,33,16,3
91.345,24.44,1991,4,13,4,33,4,58
93.025,26.358,1991,4,9,4.4,67.2,22,59
95.923,24.151,1991,3,11,3.9,33,7,54
95.337,25.031,1991,3,7,4.4,109,20,58
95.878,23.816,1991,3,1,4.3,33,14,0
96.053,23.724,1991,2,13,4.6,33.8,10,34
95.41,25.273,1991,2,6,4,137.8,19,38
91.662,25.394,1991,2,3,3.8,33,13,22
91.293,25.541,1991,2,2,4.9,33,0,15
93.037,23.574,1991,1,31,4.6,33,12,9
95.292,26.029,1991,1,28,5,33,22,24
95.232,24.733,1991,1,23,5.3,115.2,6,7
96.221,23.848,1991,1,13,3.8,33,6,35
95.72,23.499,1991,1,10,4.7,33,19,54
95.978,24.012,1991,1,5,5.2,31.9,16,4
95.963,23.8,1991,1,5,4.3,33,15,38
95.901,23.613,1991,1,5,7,19.7,14,57
95.553,24.67,1991,1,3,4.8,33,7,5
92.579,26.619,1990,12,29,5,33,19,24
93.873,23.081,1990,12,28,4.4,33,8,11
94.488,24.308,1990,11,29,5,90.5,10,20
92.937,23.895,1990,11,15,5.2,49.4,3,28
92.405,26.521,1990,10,29,4.9,33,11,32
94.325,23.345,1990,10,3,3.9,68.4,10,7
95.416,24.05,1990,9,10,4.3,74.3,14,48
92.673,26.645,1990,9,2,5.2,45.9,6,29
92.755,27.187,1990,8,29,4.8,33,2,41
94.265,22.629,1990,8,2,4.8,120.8,19,8
94.987,24.626,1990,8,2,4.7,170.5,2,31
96.469,24.95,1990,7,31,4.2,33,8,19
94.503,23.623,1990,7,13,4.2,106.3,3,24
93.952,22.676,1990,7,5,4.1,33,14,20
93.761,23.808,1990,6,30,4.2,170.2,2,28
93.859,22.767,1990,6,24,4.3,87.9,2,35
94.019,24.976,1990,6,14,4.5,60.7,15,28
94.502,23.666,1990,6,4,4.4,83.7,21,40
95.522,26.6,1990,5,24,4.8,82.3,9,3
92.551,22.706,1990,5,14,4.4,33,4,28
93.318,26.437,1990,4,30,5.3,33,1,55
94.626,24.018,1990,4,26,4.6,102.4,1,14
94.341,23.877,1990,4,8,4.5,84.5,15,15
96.498,25.334,1990,3,15,4,33,19,25
96.547,25.471,1990,3,8,4.1,33,20,1
96.559,25.452,1990,3,8,5.2,33,18,57
94.011,23.03,1990,2,26,5,89.5,6,20
94.14,25.262,1990,2,26,4.8,50.3,1,31
93.104,24.946,1990,2,22,5.1,52.2,22,7
92.425,24.877,1990,2,5,4.1,33,2,6
96.424,25.185,1990,1,23,4.7,33,15,40
95.364,25.047,1990,1,11,4.7,141.8,11,14
94.682,24.516,1990,1,10,5.2,86.5,6,37
95.241,24.753,1990,1,9,6.3,119.2,18,51
94.237,22.612,1989,12,31,4.4,52.6,12,44
94.378,24.209,1989,12,29,4.3,88.5,21,26
94.518,24.637,1989,12,29,4.4,95.3,15,51
94.592,22.872,1989,12,9,4.8,115.4,11,32
96.524,25.791,1989,11,27,4.4,33,1,20
95.522,24.344,1989,10,12,4.4,33,14,37
94.598,23.02,1989,9,25,3.8,85.3,2,9
92.794,26.793,1989,9,19,4.6,67.9,17,7
94.707,24.559,1989,8,9,5.2,85.7,16,1
94.033,24.456,1989,7,30,4.5,33,13,17
94.56,22.809,1989,7,15,5.6,107.7,0,9
94.351,23.544,1989,7,10,4.5,67.7,14,46
95.896,24.569,1989,7,2,4.9,33,7,55
94.387,23.851,1989,6,28,5,75.6,12,8
90.763,26.419,1989,6,11,4.6,33,13,42
94.372,22.666,1989,5,31,4.2,105.6,17,24
93.163,23.741,1989,5,18,1.8,33,2,55
92.504,22.879,1989,5,9,4,104.5,16,17
91.604,25.246,1989,4,29,4.3,33,12,55
95.002,24.52,1989,4,24,4.7,99.4,18,11
95.846,25.137,1989,4,16,4.7,33,11,49
92.505,24.472,1989,4,13,5.5,33,7,25
96.721,26.321,1989,4,8,4.4,33,9,3
95.257,25.12,1989,4,6,4.1,115.9,5,47
94.652,25.17,1989,4,3,5.6,66.5,19,39
91.967,22.598,1989,3,13,4.1,33,13,6
92.751,26.987,1989,3,8,5.1,33,20,2
92.644,27.139,1989,2,28,4.6,44.8,0,26
95.214,25.621,1989,1,27,4.3,61.8,16,14
94.21,24.743,1989,1,22,4,77.6,19,41
92.463,24.103,1989,1,10,4.3,33,19,21
95.078,24.986,1989,1,2,4.2,105,22,50
94.699,23.256,1988,12,27,4.9,115.9,18,15
94.974,25.22,1988,12,4,4.7,92.7,19,43
94.585,24.101,1988,11,30,4.9,94.4,3,9
93.359,23.151,1988,11,27,5.2,33,7,12
94.693,24.683,1988,10,9,4.5,34.7,22,5
95.161,25.232,1988,9,17,4.6,103.2,16,45
95.012,25.107,1988,9,4,4.4,96.9,10,21
91.769,26.285,1988,9,4,4,33,8,1
95.099,25.303,1988,8,21,5.2,80.8,13,16
95.156,25.32,1988,8,13,5.1,92,19,59
95.001,25.382,1988,8,8,4.8,95.7,16,14
94.566,24.47,1988,8,8,4.6,139.4,11,55
95.218,25.707,1988,8,7,4.4,33,13,4
94.97,25.362,1988,8,6,4.5,87.1,6,21
95.127,25.149,1988,8,6,7.3,90.5,0,36
96.179,26.568,1988,7,11,4.8,33,23,22
95.372,25.064,1988,7,10,4.8,129.4,3,31
94.745,24.611,1988,6,28,4.7,139.1,20,52
93.259,22.61,1988,5,12,4,33,2,44
96.379,25.309,1988,5,11,4.4,49.9,23,4
91.574,25.913,1988,4,30,4.2,33,3,27
93.851,24.827,1988,4,18,4.3,71.2,5,18
95.412,25.99,1988,3,6,4.7,92.9,4,43
91.571,24.7,1988,2,28,4.6,28.9,5,55
94.111,23.344,1988,2,24,4.9,74.8,14,7
95.654,26.038,1988,2,24,4.5,94.9,3,24
92.216,27.139,1988,2,17,4.8,44.3,6,30
91.432,24.522,1988,2,17,4.5,39.3,1,2
93.859,25.119,1988,2,12,4.3,33,5,51
91.57,24.688,1988,2,6,5.9,33,14,50
93.63,23.279,1988,1,20,4.4,89.2,7,10
95.654,25.554,1988,1,4,3.4,84.3,21,38
90.94,26.025,1987,12,11,4.6,54.6,6,39
93.254,26.324,1987,12,1,4.9,49.1,8,50
95.937,25.607,1987,11,28,4.4,33,20,25
93.436,26.569,1987,11,15,4.1,33,15,13
92.948,27.335,1987,10,15,4.7,49.6,16,22
95.253,24.811,1987,9,9,4.6,117.1,12,45
93.414,26.689,1987,9,6,5.1,43.8,23,38
93.82,23.85,1987,9,5,4.8,74.3,8,41
94.402,23.089,1987,8,24,5.3,93.4,9,24
95.189,24.983,1987,7,19,4.7,117.6,22,49
92.594,23.697,1987,7,16,4.4,33,2,19
93.524,26.177,1987,6,11,4.4,33,17,29
94.49,23.667,1987,6,10,4.5,33,3,15
94.585,22.701,1987,5,30,4.5,106.3,15,21
95.029,24.274,1987,5,25,3.9,33,16,4
94.202,25.271,1987,5,18,6.3,49.5,1,53
94.655,24.124,1987,4,29,5.1,103.9,5,15
95.898,26.469,1987,4,6,4.5,101.7,23,28
95.226,24.817,1987,4,3,4.6,151.6,5,48
96.33,24.959,1987,3,26,4.7,33,21,9
94.789,24.245,1987,2,15,4.6,112.8,19,26
94.135,23.126,1987,2,13,4.8,55.4,19,20
95.14,24.309,1987,2,9,3.4,33,15,21
94.639,23.652,1987,2,7,4.6,82.8,4,39
92.938,26.475,1986,12,31,4.8,49.3,15,49
94.774,25.17,1986,11,22,4.5,85.6,13,7
92.322,27.176,1986,11,8,4.5,33,18,24
96.425,26.902,1986,11,1,5.2,26.4,5,2
91.976,25.035,1986,10,14,4.7,33,14,3
94.022,23.473,1986,9,30,4.5,68.6,0,1
92.077,25.385,1986,9,10,5.2,43.1,7,50
96.343,25.873,1986,9,5,4.1,33,16,14
94.085,22.555,1986,8,16,4.5,94.8,22,44
94.196,22.689,1986,8,16,4.5,75.1,22,36
94.177,23.753,1986,7,26,5.5,26.5,20,24
95.035,26.866,1986,7,23,5.4,33,5,18
96.746,25.141,1986,7,2,4.4,33,2,9
94.523,22.839,1986,4,26,5.1,115.3,0,25
95.356,24.983,1986,4,20,4.5,146.9,0,3
94.807,24.46,1986,4,17,5,85.2,13,15
91.184,25.136,1986,2,19,5.3,17.5,17,34
92.987,23.903,1986,2,8,5.4,39,0,28
95.839,22.857,1986,1,27,4.8,10,8,35
94.52,22.933,1986,1,17,4.7,56.7,5,31
93.955,23.351,1986,1,8,4.7,82.8,19,4
92.837,22.677,1986,1,2,4.8,33,9,32
92.071,27.13,1985,12,26,5,12.7,18,4
93.209,24.135,1985,12,22,4.5,49,21,35
94.508,25.2,1985,11,26,4.3,33,17,19
93.965,22.649,1985,11,8,4.5,33,1,0
91.505,23.585,1985,11,3,4.9,32.9,3,57
92.505,27.124,1985,10,31,4.9,17.5,15,26
92.594,27.109,1985,10,25,4.7,33,19,59
92.586,27.135,1985,10,12,4.6,10,19,35
92.537,27.133,1985,10,12,5.3,9.1,18,22
95.137,24.817,1985,10,12,4.8,110.4,5,50
89.745,27.082,1985,10,2,4.4,45.9,16,33
95.7,25.365,1985,8,22,3.8,83.2,17,4
90.229,25.591,1985,6,17,4.7,22.3,21,52
96.195,26.931,1985,6,7,4.9,33,18,23
96.013,26.218,1985,4,24,5.3,27.6,6,47
96.024,23.997,1985,4,17,4.7,37.6,1,58
94.753,24.44,1985,4,2,4.4,83.7,19,48
95.25,25.544,1985,2,17,4.8,91.3,0,24
94.561,25.452,1985,2,3,4.6,58.8,2,40
94.479,23.337,1985,1,25,4.8,93.1,20,58
94.454,24.765,1985,1,21,5,72.6,12,57
91.986,27.152,1985,1,7,5.6,11.8,16,13
92.891,24.641,1984,12,30,6,22.6,23,33
94.838,24.356,1984,12,8,4.2,97.8,23,47
94.718,24.843,1984,11,28,4.9,33,19,34
96.566,25.417,1984,11,21,4.5,33,7,54
92.718,26.696,1984,11,15,4.7,74.1,21,9
94.217,24.035,1984,11,13,4.4,85.5,1,41
94.522,23.994,1984,10,18,4.4,123.6,19,47
93.445,25.382,1984,10,3,4.7,33,21,45
91.468,25.363,1984,9,30,5.1,33,21,35
92.188,26.524,1984,9,22,5.2,33,9,10
93.597,24.721,1984,9,16,4.7,40.9,1,26
94.304,23.466,1984,8,5,4.9,81.8,1,7
96.131,25.138,1984,7,24,4.1,33,14,4
94.398,24.826,1984,7,7,3.9,83.3,22,39
92.429,27.041,1984,6,9,4.4,33,23,7
91.588,23.721,1984,5,21,5.3,33,9,59
94.966,24.543,1984,5,16,4.6,113.9,18,29
94.522,24.851,1984,5,7,4.6,76.8,9,17
93.545,24.257,1984,5,6,6,33,15,19
95.683,26.068,1984,4,25,4.9,107.5,14,58
93.369,26.573,1984,3,21,4.9,33,23,6
94.661,24.543,1984,3,5,5.5,68.9,21,26
94.745,24.785,1984,2,19,4.9,42.5,9,29
94.509,23.946,1984,1,20,4.6,93.1,7,53
96.463,26.141,1983,12,22,4.4,33,16,0
96.099,26.174,1983,11,16,5.1,139.3,0,54
94.459,24.906,1983,10,21,4.8,61.1,23,32
95.709,25.478,1983,9,23,5.2,33,20,18
94.831,23.086,1983,9,18,4.9,57.6,17,27
94.071,23.73,1983,9,7,3.9,92.5,22,24
94.711,25.092,1983,8,30,5.6,62.8,10,39
95.128,24.554,1983,8,23,5.1,125.2,12,12
94.311,22.655,1983,8,21,4.8,114.8,8,31
93.848,23.036,1983,6,26,4.7,76.3,2,31
95.737,26.02,1983,6,16,4.8,113.1,10,50
96.545,25.784,1983,4,30,4.7,39.6,17,28
94.399,22.833,1983,4,13,4.7,108.6,21,7
93.989,22.877,1983,3,5,4.4,33,16,41
92.893,26.894,1983,2,2,5.2,33,20,44
94.889,24.567,1983,1,31,4.8,74,3,26
94.069,23.748,1983,1,29,4.5,81.3,17,52
96.381,26.368,1983,1,25,4.8,105.3,5,5
91.288,25.637,1983,1,19,4.9,10,12,9
93.067,22.857,1983,1,13,4.7,150.9,23,0
94.432,24.232,1983,1,3,5.1,75.9,11,28
92.05,26.321,1982,12,30,4.6,33,12,29
91.641,26.159,1982,12,30,5,40.6,8,37
96.367,26.398,1982,12,25,4.7,104.5,16,51
94.567,24.554,1982,12,11,4.9,77,20,55
94.559,22.771,1982,11,29,4.4,33,4,11
91.563,26.107,1982,11,18,4.8,33,6,2
94.416,23.419,1982,10,7,4.7,92.3,1,52
91.397,25.147,1982,9,21,4.6,33,12,38
95.97,22.918,1982,9,20,4.8,33,17,14
95.327,25.918,1982,9,14,4.8,99,6,1
95.75,22.993,1982,9,4,4.8,33,19,51
91.472,25.381,1982,8,31,5,33,10,42
96.644,25.422,1982,8,30,4.7,33.3,23,13
92.337,25.054,1982,8,21,4.7,33,4,26
90.315,25.91,1982,7,6,5.1,33,6,13
93.599,22.656,1982,6,25,4.3,33,4,42
90.206,26.497,1982,6,20,4.5,33,15,29
94.769,24.667,1982,6,1,4.6,71.3,2,49
94.082,24.096,1982,5,22,4.6,77,9,2
95.045,25.456,1982,5,17,4.6,65,23,17
94.413,24.25,1982,4,6,4.6,96.3,5,44
95.532,23.588,1982,3,30,5,34.8,13,19
92.174,26.199,1982,2,26,4.6,33,8,14
90.749,25.567,1982,2,26,4.7,63.9,0,5
90.664,25.174,1982,1,28,4.2,33,7,18
92.065,24.695,1982,1,11,4.7,33,20,52
94.492,24.724,1982,1,3,4.8,66.6,11,37
95.218,25.107,1981,12,11,4.6,105,11,22
92.457,27.467,1981,12,9,4.5,33,10,52
93.233,22.693,1981,11,21,4.7,48.5,1,52
95.174,25.647,1981,11,15,4.7,62.4,23,45
94.717,23.784,1981,10,9,4.6,111.2,5,23
95.612,26.698,1981,9,5,4.5,36.6,3,17
96.552,25.512,1981,8,25,3.9,33,22,28
96.064,26.693,1981,8,23,5.2,79.6,15,56
94.47,22.891,1981,8,23,4.7,92,9,29
94.903,24.692,1981,8,23,4.7,90,1,24
96.176,25.455,1981,8,18,4.8,33,17,17
96.619,25.489,1981,8,16,5.1,36.6,18,55
96.641,25.45,1981,8,16,4.7,35.3,17,40
96.647,25.507,1981,8,16,4.6,38.3,6,27
94.675,22.933,1981,7,30,4.6,110.4,21,12
94.62,24.753,1981,7,18,4.8,71.5,9,0
94.254,22.593,1981,7,15,4.3,98.9,11,52
93.8,23.776,1981,6,17,4.7,58.7,11,12
94.236,22.747,1981,5,6,4.6,46.7,15,32
94.593,22.964,1981,5,1,5,101.4,4,8
95.384,24.941,1981,4,25,5.7,147.6,11,32
95.106,24.652,1981,4,11,4.6,134.5,1,24
95.259,25.16,1981,4,4,4.4,93.9,21,58
93.635,26.038,1981,2,28,4.7,33,1,58
89.752,27.038,1981,2,9,5.1,33,15,49
96.4,24.866,1981,2,1,4.7,33,9,27
93.897,22.716,1980,11,20,5.3,33,18,14
91.292,23.934,1980,10,30,5,33,5,29
94.994,22.547,1980,10,23,4.5,139,12,51
95.307,24.874,1980,9,14,4.5,112,16,3
94.587,24.784,1980,8,12,5.1,50,16,44
96.076,23.861,1980,8,1,4.6,33,2,22
90.213,25.759,1980,6,11,4.8,33,5,25
94.31,23.764,1980,5,20,4.9,85,13,19
94.738,23.904,1980,3,28,4.8,90,16,15
94.585,23.35,1980,2,23,4.4,84,17,28
95.218,24.726,1980,1,27,4.4,159,3,25
96.289,25.236,1979,11,25,5.1,50,2,40
95.949,22.768,1979,11,12,4.7,33,1,31
94.547,23.208,1979,10,19,4.8,74,15,13
96.716,25.047,1979,9,21,4.9,33,22,2
95.208,25.981,1979,8,21,4.1,128,5,56
94.939,24.204,1979,8,11,5,110,20,32
95.115,25.73,1979,8,1,4.6,155,8,58
91.739,26.753,1979,7,29,4.6,66,14,15
95.257,24.898,1979,7,13,4.8,97,23,20
96.547,25.372,1979,6,8,4.6,33,6,58
95.134,25.19,1979,5,31,4.7,109,19,40
94.724,24.497,1979,5,29,5.3,83,0,39
92.451,23.966,1979,5,12,4.7,33,6,10
94.045,24.127,1979,4,18,4.3,85,8,4
94.963,24.9,1979,3,28,4.5,33,13,16
94.546,22.782,1979,3,25,4.5,81,3,48
96.697,24.966,1979,3,18,4.6,54,20,57
93.398,24.649,1979,3,4,4.6,33,17,40
94.547,24.568,1979,3,3,4.7,65,12,25
91.203,26.272,1979,2,26,4.2,33,6,54
95.938,22.974,1979,2,18,5.1,33,6,16
91.166,24.61,1979,1,28,4.9,33,6,6
91.869,27.164,1979,1,13,4.5,33,3,27
92.866,25.412,1979,1,9,4.4,18,2,39
93.918,24.458,1978,12,30,4.6,33,23,33
92.97,23.559,1978,12,29,4.8,33,8,53
96.196,23.173,1978,12,21,4.4,33,22,36
92.097,26.24,1978,11,18,4.4,55,13,24
94.766,24.249,1978,10,20,4.8,90,17,21
93.668,24.312,1978,10,10,4.7,33,18,14
94.726,22.782,1978,9,18,4.1,109,19,29
94.583,22.861,1978,7,23,4.7,147,10,17
94.41,23.029,1978,7,3,4.3,67,11,4
94.613,22.865,1978,6,10,4.5,110,11,18
96.513,25.967,1978,6,9,4.6,107,6,11
94.626,23.634,1978,4,27,4.5,59,10,18
92.425,22.664,1978,4,7,4.6,40,23,32
94.624,24.908,1978,3,31,4.6,33,19,20
96.32,25.693,1978,3,30,4.2,33,0,47
92.896,23.205,1978,3,28,4.8,33,12,37
94.325,24.327,1978,3,28,4.3,108,10,25
92.866,24.283,1978,3,18,4.6,39,18,40
94.715,23.088,1978,2,23,5.1,105,23,18
94.14,23.282,1978,2,22,5,78,9,7
94.778,24.351,1978,2,11,4.8,109,14,45
94.823,23.945,1978,2,9,4.9,103,5,36
94.707,23.039,1978,2,3,5.1,105,23,46
95.172,24.759,1978,1,8,5.1,100,6,32
92.386,23.636,1977,12,23,5.1,33,21,0
95.847,23.85,1977,12,21,4.7,33,12,46
96.391,25.05,1977,11,24,4.4,33,21,6
93.114,26.471,1977,11,13,5,33,21,2
93.353,23.484,1977,10,13,5.2,61,11,32
92.882,24.306,1977,2,6,4.7,42,16,53
96.563,25.48,1977,2,5,4.4,57,18,41
96.486,25.637,1977,2,3,4.4,22,10,49
95.178,25.433,1977,1,5,4.8,104,14,10
95.064,25.911,1976,12,25,4.9,84,1,7
94.606,23.126,1976,12,15,5,97,4,35
94.56,24.205,1976,12,6,4.7,97,16,13
96.439,26.519,1976,11,6,4.5,66,4,43
96.559,26.48,1976,10,31,4.8,33,18,36
95.014,24.049,1976,9,24,4.6,164,0,9
94.638,22.757,1976,6,30,4,97,23,15
96.161,26.127,1976,6,5,4.1,97,10,46
96.274,26.138,1976,6,1,4.9,46,10,58
95.354,25.079,1976,5,25,4.7,107,4,48
96.658,25.33,1976,4,4,4.9,39,22,28
94.266,24.265,1976,3,30,4.6,56,6,48
93.256,24.444,1976,3,16,3.8,59,4,55
93.501,24.411,1976,2,1,4,59,15,38
94.333,23.678,1975,12,13,5.2,63,22,35
94.317,22.99,1975,10,21,4.8,33,7,10
96.387,26.509,1975,7,23,5.2,33,3,3
94.995,22.66,1975,6,28,5.1,130,21,32
94.108,23.872,1975,5,21,5.3,72,3,16
93.548,24.135,1975,3,3,5,42,19,24
93.899,22.698,1975,1,17,4.6,33,15,9
93.883,23.93,1974,12,7,4.8,33,13,54
95.257,24.514,1974,12,2,4.8,110,1,8
95.421,24.876,1974,11,16,4.7,159,22,7
94.734,24.169,1974,9,21,4.8,82,17,53
90.908,25.68,1974,9,21,4.7,27,6,27
94.515,22.854,1974,8,30,4.5,106,20,2
96.242,25.811,1974,8,24,4.7,33,18,18
92.335,27.361,1974,7,9,4.6,53,7,17
94.776,23.09,1974,6,22,3.9,107,18,48
95.13,24.67,1974,5,25,4.5,83,16,7
91.799,25.547,1974,5,15,4.5,32,3,51
93.599,25.684,1974,1,28,3.8,42,14,17
92.936,22.837,1974,1,20,4.8,33,20,5
94.805,23.515,1974,1,7,4.9,105,5,18
94.056,22.637,1973,12,4,4.6,63,12,48
91.603,25.723,1973,11,2,4.8,20,12,9
92.527,26.998,1973,9,11,4.8,54,15,55
95.472,26.417,1973,8,15,4.7,41,9,0
94.51,23.334,1973,7,27,5.3,79,20,23
95.035,24.152,1973,7,12,4.4,135,21,31
94.841,23.612,1973,7,4,5.2,127,21,4
92.474,27.24,1973,7,4,5.2,26,16,44
93.548,24.281,1973,5,31,5.9,30,23,39
94.852,24.321,1973,5,23,4.2,63,1,57
94.413,24.34,1973,2,10,4.4,74,4,25
94.708,25.206,1971,12,29,5.71,62.3,22,27
95.836,23.076,1971,10,14,5.4,15,12,55
95.915,22.958,1971,10,10,5.22,15,18,25
93.127,26.469,1971,7,17,5.5,35,15,0
96.505,25.266,1971,5,31,5.73,20,5,14
96.187,25.211,1971,5,30,5.15,15,21,39
96.389,25.264,1971,5,30,6.18,15,15,44
96.301,25.25,1971,5,30,5.28,10,11,55
96.687,26.086,1971,3,31,5.28,15,8,16
91.591,23.738,1971,2,2,5.4,45.3,7,59
91.659,24.9,1970,8,28,5.3,27.5,1,24
